user_id,frequency_14d,is_retained_3m,category_regularity_14d,temporal_regularity_14d
2,4,0,0.25,0.5
3,1,1,1.0,0.5
6,5,1,0.2,0.5
9,8,1,0.25,0.5
10,3,1,0.6666666666666666,0.16666666666666663
15,1,0,1.0,0.5
23,1,1,1.0,0.5
24,1,1,1.0,0.5
27,2,1,0.5,0.5
29,1,0,1.0,0.5
32,1,0,1.0,0.5
34,1,0,1.0,0.5
35,5,1,0.2,0.5
36,1,0,1.0,0.5
47,3,0,0.3333333333333333,0.5
50,3,1,0.3333333333333333,0.5
52,1,0,1.0,0.5
57,1,0,1.0,0.5
66,6,1,0.3333333333333333,0.0
67,1,1,1.0,0.5
68,3,1,0.6666666666666666,0.16666666666666663
75,2,1,1.0,0.0
76,5,1,0.2,0.5
79,2,0,0.5,0.5
82,1,1,1.0,0.5
86,2,1,0.5,0.0
90,1,0,1.0,0.5
91,1,1,1.0,0.5
95,1,0,1.0,0.5
96,1,1,1.0,0.5
105,5,1,0.6,0.30000000000000004
109,1,1,1.0,0.5
110,1,0,1.0,0.5
114,1,0,1.0,0.5
149,1,1,1.0,0.5
177,8,0,0.625,0.25
179,3,1,0.3333333333333333,0.5
185,1,1,1.0,0.5
193,3,1,0.3333333333333333,0.5
197,1,0,1.0,0.5
201,3,1,0.3333333333333333,0.5
205,1,1,1.0,0.5
207,7,1,0.42857142857142855,0.3571428571428571
220,2,1,0.5,0.5
225,8,1,0.375,0.25
226,1,1,1.0,0.5
229,4,1,0.5,0.0
239,2,1,0.5,0.5
255,3,1,0.3333333333333333,0.5
259,1,0,1.0,0.5
263,3,0,0.3333333333333333,0.16666666666666663
264,2,1,0.5,0.0
272,1,0,1.0,0.5
280,1,1,1.0,0.5
286,3,1,0.6666666666666666,0.16666666666666669
302,1,0,1.0,0.5
304,4,1,0.25,0.5
305,4,1,0.25,0.25
308,3,1,0.3333333333333333,0.5
311,1,0,1.0,0.5
316,5,1,0.2,0.5
320,2,1,0.5,0.5
326,4,0,0.5,0.25
329,5,1,0.2,0.5
330,4,0,0.25,0.5
338,7,1,0.14285714285714285,0.0714285714285714
339,2,0,0.5,0.5
352,5,1,0.4,0.3
355,1,0,1.0,0.5
360,1,0,1.0,0.5
370,2,1,0.5,0.5
371,5,1,0.2,0.3
380,1,0,1.0,0.5
383,4,1,0.25,0.5
387,1,0,1.0,0.5
393,2,1,0.5,0.5
398,1,0,1.0,0.5
400,3,0,0.6666666666666666,0.16666666666666663
404,12,0,0.4166666666666667,0.33333333333333337
418,1,0,1.0,0.5
420,3,1,0.6666666666666666,0.16666666666666663
423,1,0,1.0,0.5
429,3,1,1.0,0.16666666666666669
430,6,1,0.3333333333333333,0.33333333333333337
432,2,1,0.5,0.5
492,1,0,1.0,0.5
495,1,1,1.0,0.5
500,1,0,1.0,0.5
510,2,1,1.0,0.5
523,2,1,1.0,0.5
534,1,1,1.0,0.5
561,3,1,0.3333333333333333,0.16666666666666663
562,1,1,1.0,0.5
568,4,0,0.5,0.5
578,6,1,0.3333333333333333,0.16666666666666663
583,2,1,0.5,0.5
584,2,1,0.5,0.5
585,1,0,1.0,0.5
587,1,0,1.0,0.5
590,6,1,0.3333333333333333,0.16666666666666663
595,13,1,0.23076923076923078,0.34615384615384615
599,1,0,1.0,0.5
602,2,1,0.5,0.0
603,1,0,1.0,0.5
604,2,1,0.5,0.5
672,1,1,1.0,0.5
673,1,0,1.0,0.5
674,1,0,1.0,0.5
679,1,0,1.0,0.5
684,1,1,1.0,0.5
700,1,0,1.0,0.5
720,1,0,1.0,0.5
726,2,1,0.5,0.5
751,1,1,1.0,0.5
764,1,1,1.0,0.5
780,1,0,1.0,0.5
810,2,1,1.0,0.5
827,4,1,0.25,0.5
840,1,1,1.0,0.5
856,3,1,0.3333333333333333,0.5
859,1,1,1.0,0.5
860,1,1,1.0,0.5
862,1,0,1.0,0.5
864,1,0,1.0,0.5
884,2,0,0.5,0.5
903,3,0,0.3333333333333333,0.5
904,2,1,0.5,0.5
920,1,1,1.0,0.5
921,1,1,1.0,0.5
923,7,1,0.5714285714285714,0.2142857142857143
932,4,1,0.5,0.0
956,1,1,1.0,0.5
993,6,1,0.16666666666666666,0.33333333333333337
994,6,1,0.16666666666666666,0.16666666666666663
995,5,1,0.4,0.5
996,5,1,0.6,0.5
1027,1,0,1.0,0.5
1034,1,0,1.0,0.5
1051,1,1,1.0,0.5
1062,1,1,1.0,0.5
1091,2,1,0.5,0.5
1095,1,0,1.0,0.5
1165,1,1,1.0,0.5
1192,4,1,0.5,0.25
1214,1,0,1.0,0.5
1295,1,0,1.0,0.5
1300,14,0,0.21428571428571427,0.2857142857142857
1305,2,0,0.5,0.5
1308,5,0,0.4,0.30000000000000004
1331,1,1,1.0,0.5
1349,2,1,0.5,0.5
1359,7,1,0.42857142857142855,0.3571428571428571
1378,1,1,1.0,0.5
1382,2,0,0.5,0.5
1391,2,1,1.0,0.0
1396,2,1,1.0,0.5
1408,2,0,0.5,0.5
1411,4,1,0.25,0.5
1428,2,1,0.5,0.5
1459,4,0,0.5,0.0
1468,3,1,0.3333333333333333,0.5
1491,2,0,0.5,0.5
1497,3,1,0.3333333333333333,0.5
1524,1,1,1.0,0.5
1525,3,1,0.3333333333333333,0.5
1535,1,1,1.0,0.5
1538,2,1,0.5,0.5
1580,17,1,0.17647058823529413,0.32352941176470584
1582,9,1,0.3333333333333333,0.5
1615,1,1,1.0,0.5
1649,1,0,1.0,0.5
1654,7,1,0.42857142857142855,0.0714285714285714
1664,3,1,0.3333333333333333,0.5
1694,1,0,1.0,0.5
1728,4,1,0.5,0.5
1749,7,1,0.2857142857142857,0.5
1826,1,0,1.0,0.5
1842,1,0,1.0,0.5
1869,5,1,0.2,0.09999999999999998
1874,2,1,0.5,0.5
1886,2,1,0.5,0.5
1889,12,1,0.25,0.41666666666666663
1907,1,0,1.0,0.5
1952,1,0,1.0,0.5
1958,3,1,0.6666666666666666,0.16666666666666669
1984,7,1,0.2857142857142857,0.07142857142857145
2013,1,1,1.0,0.5
2093,1,0,1.0,0.5
2124,1,0,1.0,0.5
2160,2,1,0.5,0.0
2296,1,0,1.0,0.5
2308,1,0,1.0,0.5
2314,11,1,0.2727272727272727,0.40909090909090906
2367,3,1,0.3333333333333333,0.5
2389,2,1,0.5,0.0
2452,2,0,1.0,0.5
2464,1,1,1.0,0.5
2685,1,1,1.0,0.5
2733,1,1,1.0,0.5
2754,2,1,0.5,0.5
2823,1,0,1.0,0.5
2846,1,0,1.0,0.5
2927,1,0,1.0,0.5
2933,1,0,1.0,0.5
3069,1,1,1.0,0.5
3070,1,0,1.0,0.5
3145,1,1,1.0,0.5
3164,1,1,1.0,0.5
3219,6,1,0.3333333333333333,0.0
3240,1,0,1.0,0.5
3286,1,1,1.0,0.5
3291,1,0,1.0,0.5
3293,2,0,0.5,0.5
3302,1,1,1.0,0.5
3304,7,0,0.14285714285714285,0.5
3330,1,0,1.0,0.5
3342,1,0,1.0,0.5
3387,1,0,1.0,0.5
3485,1,0,1.0,0.5
3588,2,0,0.5,0.5
3656,1,0,1.0,0.5
3724,1,0,1.0,0.5
3760,2,0,0.5,0.5
3785,1,0,1.0,0.5
3793,1,0,1.0,0.5
3924,3,1,0.3333333333333333,0.5
3928,1,0,1.0,0.5
3982,1,0,1.0,0.5
4052,1,1,1.0,0.5
4056,3,0,0.6666666666666666,0.5
4057,2,0,0.5,0.5
4074,4,1,0.5,0.25
4239,2,1,0.5,0.5
4252,1,1,1.0,0.5
4314,1,0,1.0,0.5
4332,3,1,0.6666666666666666,0.5
4338,2,0,0.5,0.5
4401,3,0,0.3333333333333333,0.5
4437,1,0,1.0,0.5
4465,1,1,1.0,0.5
4477,1,0,1.0,0.5
4608,3,1,0.3333333333333333,0.5
4898,1,0,1.0,0.5
5002,1,1,1.0,0.5
5039,3,1,0.3333333333333333,0.5
5132,1,0,1.0,0.5
5439,1,0,1.0,0.5
5445,5,0,0.4,0.30000000000000004
5548,1,0,1.0,0.5
5676,1,1,1.0,0.5
5678,1,0,1.0,0.5
5895,1,1,1.0,0.5
6090,3,1,0.3333333333333333,0.16666666666666663
6126,2,0,0.5,0.5
6277,1,1,1.0,0.5
6290,3,0,0.6666666666666666,0.16666666666666663
6390,3,1,0.3333333333333333,0.5
6401,1,0,1.0,0.5
6509,3,1,0.3333333333333333,0.5
6511,2,1,0.5,0.5
6576,1,0,1.0,0.5
6681,1,1,1.0,0.5
6782,1,0,1.0,0.5
6837,1,1,1.0,0.5
6844,1,0,1.0,0.5
6904,1,0,1.0,0.5
6939,2,1,1.0,0.0
7003,2,1,0.5,0.5
7018,1,1,1.0,0.5
7061,1,0,1.0,0.5
7179,1,0,1.0,0.5
7184,1,0,1.0,0.5
7358,1,0,1.0,0.5
7484,1,0,1.0,0.5
7582,6,1,0.6666666666666666,0.33333333333333337
7693,1,0,1.0,0.5
7702,2,0,0.5,0.5
7729,2,0,1.0,0.5
7760,2,1,0.5,0.5
7761,3,1,0.6666666666666666,0.5
7844,3,1,0.3333333333333333,0.5
7879,1,1,1.0,0.5
7880,1,0,1.0,0.5
7949,1,1,1.0,0.5
8044,2,0,1.0,0.5
8046,1,0,1.0,0.5
8080,2,0,0.5,0.5
8152,6,1,0.3333333333333333,0.16666666666666669
8188,1,1,1.0,0.5
8192,1,0,1.0,0.5
8256,1,0,1.0,0.5
8306,13,1,0.23076923076923078,0.42307692307692313
8356,1,1,1.0,0.5
8582,3,1,0.3333333333333333,0.5
8593,2,0,0.5,0.0
8751,5,1,0.4,0.30000000000000004
8839,1,1,1.0,0.5
8887,1,0,1.0,0.5
8901,1,0,1.0,0.5
8959,2,1,0.5,0.5
8985,7,0,0.2857142857142857,0.2142857142857143
8988,1,0,1.0,0.5
8989,10,1,0.1,0.5
9004,1,0,1.0,0.5
9007,2,0,0.5,0.5
9048,1,0,1.0,0.5
9075,1,1,1.0,0.5
9100,2,0,0.5,0.5
9137,1,1,1.0,0.5
9198,2,1,0.5,0.5
9200,1,0,1.0,0.5
9316,1,1,1.0,0.5
9500,2,0,0.5,0.5
9536,2,1,0.5,0.0
9547,6,1,0.3333333333333333,0.5
9628,1,1,1.0,0.5
9749,2,0,1.0,0.5
9755,11,1,0.36363636363636365,0.31818181818181823
9779,1,0,1.0,0.5
9890,1,1,1.0,0.5
9901,1,1,1.0,0.5
9935,1,0,1.0,0.5
9980,2,0,0.5,0.5
10037,2,0,1.0,0.0
10048,1,0,1.0,0.5
10080,1,1,1.0,0.5
10111,1,0,1.0,0.5
10114,1,0,1.0,0.5
10248,3,1,0.3333333333333333,0.16666666666666669
10271,12,1,0.08333333333333333,0.16666666666666663
10310,1,0,1.0,0.5
10360,1,0,1.0,0.5
10377,1,1,1.0,0.5
10387,2,1,0.5,0.5
10396,1,0,1.0,0.5
10422,3,1,0.3333333333333333,0.5
10496,3,1,0.3333333333333333,0.16666666666666669
10625,2,1,0.5,0.5
10745,1,0,1.0,0.5
10751,2,0,0.5,0.0
10793,3,1,1.0,0.5
10864,2,0,0.5,0.5
10869,1,1,1.0,0.5
10889,1,0,1.0,0.5
10921,1,0,1.0,0.5
10944,1,0,1.0,0.5
11055,2,1,1.0,0.0
11131,1,0,1.0,0.5
11186,1,0,1.0,0.5
11381,1,1,1.0,0.5
11414,3,1,0.3333333333333333,0.5
11421,1,0,1.0,0.5
11426,2,1,0.5,0.5
11637,2,1,0.5,0.5
11748,4,1,0.25,0.5
11792,1,0,1.0,0.5
11965,1,1,1.0,0.5
12128,3,1,0.6666666666666666,0.5
12129,2,1,0.5,0.5
12165,5,1,0.2,0.09999999999999998
12214,1,0,1.0,0.5
12304,1,0,1.0,0.5
12502,5,1,0.2,0.09999999999999998
12527,5,1,0.4,0.30000000000000004
12573,3,1,0.3333333333333333,0.5
12599,3,1,0.3333333333333333,0.16666666666666663
12627,1,0,1.0,0.5
12716,1,0,1.0,0.5
12795,1,1,1.0,0.5
12840,4,0,0.75,0.5
12954,1,0,1.0,0.5
13032,6,0,0.3333333333333333,0.16666666666666663
13039,1,1,1.0,0.5
13068,3,1,0.3333333333333333,0.5
13124,2,0,0.5,0.5
13356,1,1,1.0,0.5
13399,1,1,1.0,0.5
13540,1,0,1.0,0.5
13550,5,1,0.4,0.5
13551,2,0,0.5,0.5
13593,1,0,1.0,0.5
13603,2,1,0.5,0.5
13629,1,0,1.0,0.5
13682,1,1,1.0,0.5
13778,2,1,0.5,0.5
13859,4,1,0.25,0.0
13900,7,1,0.2857142857142857,0.2142857142857143
13912,8,1,0.375,0.25
13957,12,1,0.08333333333333333,0.16666666666666663
14003,1,1,1.0,0.5
14092,7,1,0.14285714285714285,0.5
14195,2,0,1.0,0.0
14310,3,1,0.3333333333333333,0.5
14381,1,0,1.0,0.5
14408,8,1,0.25,0.25
14411,2,1,0.5,0.5
14464,1,1,1.0,0.5
14478,1,0,1.0,0.5
14530,2,1,0.5,0.5
14595,1,0,1.0,0.5
14636,1,0,1.0,0.5
14653,2,1,0.5,0.5
14664,1,0,1.0,0.5
14700,2,0,0.5,0.0
14705,1,0,1.0,0.5
14751,2,1,1.0,0.5
14770,1,1,1.0,0.5
14818,1,1,1.0,0.5
14855,8,1,0.375,0.125
14866,9,1,0.3333333333333333,0.2777777777777778
14875,1,0,1.0,0.5
14902,1,0,1.0,0.5
15007,2,0,0.5,0.5
15176,1,0,1.0,0.5
15206,12,1,0.08333333333333333,0.16666666666666663
15292,1,0,1.0,0.5
15328,3,1,0.3333333333333333,0.5
15332,5,0,0.2,0.30000000000000004
15338,3,1,0.3333333333333333,0.5
15353,1,1,1.0,0.5
15393,1,0,1.0,0.5
15499,3,0,0.3333333333333333,0.16666666666666669
15631,6,1,0.3333333333333333,0.16666666666666663
15772,2,1,0.5,0.0
15803,2,1,0.5,0.5
15838,2,0,0.5,0.5
15850,26,1,0.11538461538461539,0.11538461538461542
15874,2,1,0.5,0.5
15970,1,0,1.0,0.5
15983,1,0,1.0,0.5
16092,1,1,1.0,0.5
16161,1,0,1.0,0.5
16186,10,1,0.1,0.30000000000000004
16259,1,0,1.0,0.5
16269,1,1,1.0,0.5
16289,1,0,1.0,0.5
16314,3,1,0.6666666666666666,0.16666666666666663
16315,2,1,0.5,0.0
16346,1,0,1.0,0.5
16356,2,0,0.5,0.5
16405,1,0,1.0,0.5
16575,1,0,1.0,0.5
16621,3,0,0.3333333333333333,0.16666666666666663
16642,1,0,1.0,0.5
16664,7,1,0.2857142857142857,0.2142857142857143
16745,1,1,1.0,0.5
16805,5,1,0.4,0.09999999999999998
16868,1,0,1.0,0.5
16922,1,0,1.0,0.5
16925,1,0,1.0,0.5
16999,1,0,1.0,0.5
17205,1,1,1.0,0.5
17236,2,0,1.0,0.0
17326,5,1,0.4,0.09999999999999998
17403,1,0,1.0,0.5
17504,1,0,1.0,0.5
17537,1,0,1.0,0.5
17572,1,1,1.0,0.5
17665,3,0,0.3333333333333333,0.16666666666666669
17703,1,1,1.0,0.5
17720,1,1,1.0,0.5
17788,2,0,0.5,0.5
17974,1,0,1.0,0.5
18106,1,0,1.0,0.5
18150,1,0,1.0,0.5
18292,6,1,0.6666666666666666,0.16666666666666663
18300,2,1,0.5,0.5
18327,3,0,0.6666666666666666,0.5
18356,1,0,1.0,0.5
18394,1,0,1.0,0.5
18401,1,0,1.0,0.5
18404,2,0,1.0,0.0
18529,1,0,1.0,0.5
18534,1,0,1.0,0.5
18547,4,1,0.5,0.25
18601,1,0,1.0,0.5
18688,7,0,0.2857142857142857,0.2142857142857143
18712,4,1,0.25,0.5
18765,3,1,0.3333333333333333,0.5
18896,1,1,1.0,0.5
19282,1,0,1.0,0.5
19562,1,0,1.0,0.5
19642,1,0,1.0,0.5
19683,1,0,1.0,0.5
19762,2,0,0.5,0.5
19801,2,0,0.5,0.0
19815,1,1,1.0,0.5
19974,1,0,1.0,0.5
19986,2,0,1.0,0.5
20027,2,1,1.0,0.0
20109,4,1,0.5,0.5
20119,1,1,1.0,0.5
20132,7,1,0.14285714285714285,0.2142857142857143
20161,1,0,1.0,0.5
20179,5,1,0.4,0.09999999999999998
20212,2,0,0.5,0.0
20241,1,0,1.0,0.5
20252,2,1,0.5,0.5
20299,2,1,1.0,0.5
20323,1,1,1.0,0.5
20348,1,0,1.0,0.5
20556,2,1,1.0,0.5
20692,3,1,0.3333333333333333,0.5
20710,3,1,0.3333333333333333,0.5
20731,1,1,1.0,0.5
20762,1,0,1.0,0.5
20785,1,1,1.0,0.5
20820,2,0,0.5,0.5
20949,1,0,1.0,0.5
20956,2,0,0.5,0.5
21113,2,0,0.5,0.5
21198,4,1,0.25,0.25
21250,10,1,0.4,0.30000000000000004
21273,2,0,0.5,0.5
21366,1,0,1.0,0.5
21417,1,0,1.0,0.5
21451,3,1,0.6666666666666666,0.5
21454,1,0,1.0,0.5
21455,1,0,1.0,0.5
21473,2,0,0.5,0.5
21524,5,0,0.8,0.09999999999999998
21591,1,1,1.0,0.5
21597,1,0,1.0,0.5
21704,2,0,1.0,0.5
21714,1,0,1.0,0.5
21881,4,1,0.25,0.5
21885,3,1,0.3333333333333333,0.5
21895,1,0,1.0,0.5
21904,1,0,1.0,0.5
21924,12,1,0.08333333333333333,0.16666666666666663
21943,10,1,0.2,0.4
22022,1,0,1.0,0.5
22074,1,0,1.0,0.5
22102,1,1,1.0,0.5
22114,3,1,0.6666666666666666,0.16666666666666663
22146,1,0,1.0,0.5
22189,8,1,0.125,0.125
22203,8,1,0.25,0.0
22235,7,1,0.2857142857142857,0.0714285714285714
22317,2,1,1.0,0.5
22343,3,1,0.3333333333333333,0.5
22557,1,0,1.0,0.5
22565,4,1,0.75,0.0
22629,1,1,1.0,0.5
22827,5,1,0.4,0.30000000000000004
22945,4,0,0.5,0.25
23008,2,0,1.0,0.5
23066,2,1,0.5,0.5
23136,2,0,0.5,0.5
23165,3,1,0.3333333333333333,0.5
23291,3,1,0.3333333333333333,0.5
23317,1,0,1.0,0.5
23343,2,1,0.5,0.5
23353,3,1,0.3333333333333333,0.5
23370,1,0,1.0,0.5
23483,1,1,1.0,0.5
23575,1,0,1.0,0.5
23619,5,1,0.2,0.5
23667,1,0,1.0,0.5
23813,1,0,1.0,0.5
23900,5,0,0.4,0.09999999999999998
24280,3,0,0.3333333333333333,0.16666666666666663
24288,1,1,1.0,0.5
24304,6,1,0.3333333333333333,0.5
24325,1,0,1.0,0.5
24397,1,1,1.0,0.5
24701,4,1,0.75,0.5
25046,4,1,0.75,0.5
25203,1,0,1.0,0.5
25313,1,1,1.0,0.5
25317,1,0,1.0,0.5
25481,3,1,0.3333333333333333,0.16666666666666663
25484,8,1,0.25,0.125
25534,1,1,1.0,0.5
25698,8,1,0.375,0.125
25822,1,0,1.0,0.5
26051,1,0,1.0,0.5
26075,1,0,1.0,0.5
26097,4,0,0.5,0.5
26188,3,0,0.3333333333333333,0.5
26198,3,1,0.6666666666666666,0.16666666666666663
26418,1,0,1.0,0.5
26459,2,0,0.5,0.5
26468,2,0,0.5,0.5
26591,2,0,0.5,0.5
26709,1,0,1.0,0.5
26816,1,0,1.0,0.5
26899,11,1,0.18181818181818182,0.045454545454545414
26929,6,1,0.16666666666666666,0.33333333333333337
26974,3,0,0.6666666666666666,0.5
27029,3,1,0.6666666666666666,0.5
27073,1,1,1.0,0.5
27349,4,1,0.25,0.25
27434,1,1,1.0,0.5
27519,1,0,1.0,0.5
27563,3,1,0.6666666666666666,0.5
27570,1,0,1.0,0.5
27571,4,0,1.0,0.25
27577,17,1,0.058823529411764705,0.08823529411764708
27706,1,0,1.0,0.5
27724,1,0,1.0,0.5
27733,1,1,1.0,0.5
27903,1,0,1.0,0.5
28033,4,1,0.25,0.25
28117,3,1,1.0,0.16666666666666669
28122,3,0,0.3333333333333333,0.5
28158,1,0,1.0,0.5
28394,6,1,0.5,0.33333333333333337
28402,1,1,1.0,0.5
28491,2,0,0.5,0.5
28541,1,0,1.0,0.5
28546,10,1,0.1,0.09999999999999998
28951,7,1,0.2857142857142857,0.2142857142857143
28999,3,1,0.3333333333333333,0.5
29138,1,1,1.0,0.5
29262,5,0,0.2,0.5
29313,1,0,1.0,0.5
29388,1,1,1.0,0.5
29455,1,1,1.0,0.5
29503,2,0,0.5,0.5
29513,3,0,0.6666666666666666,0.5
29536,9,1,0.3333333333333333,0.5
29544,2,0,1.0,0.5
29604,3,1,0.3333333333333333,0.5
29734,2,0,1.0,0.5
29863,1,1,1.0,0.5
29890,1,0,1.0,0.5
29928,1,1,1.0,0.5
29943,2,1,1.0,0.5
30287,3,1,0.6666666666666666,0.16666666666666663
30348,1,1,1.0,0.5
30528,1,0,1.0,0.5
30695,3,1,0.6666666666666666,0.5
30744,1,0,1.0,0.5
30745,2,1,1.0,0.0
30866,3,0,0.6666666666666666,0.16666666666666663
30921,1,0,1.0,0.5
31105,7,1,0.2857142857142857,0.3571428571428571
31135,1,1,1.0,0.5
31524,1,1,1.0,0.5
31564,1,0,1.0,0.5
31814,2,1,1.0,0.5
31816,1,0,1.0,0.5
31852,1,0,1.0,0.5
31878,1,1,1.0,0.5
31907,7,1,0.2857142857142857,0.5
31923,3,0,0.3333333333333333,0.5
31933,3,1,0.3333333333333333,0.5
31982,3,1,0.6666666666666666,0.5
32027,1,0,1.0,0.5
32034,1,0,1.0,0.5
32042,1,1,1.0,0.5
32049,8,1,0.25,0.5
32070,1,0,1.0,0.5
32088,1,1,1.0,0.5
32243,5,1,0.6,0.5
32258,5,1,0.2,0.3
32287,4,1,0.25,0.5
32311,9,1,0.4444444444444444,0.05555555555555558
32368,1,0,1.0,0.5
32371,11,0,0.2727272727272727,0.31818181818181823
32608,3,1,0.3333333333333333,0.16666666666666663
32750,2,1,0.5,0.5
32771,3,1,0.6666666666666666,0.16666666666666663
32898,3,1,0.6666666666666666,0.16666666666666663
32945,1,0,1.0,0.5
33007,5,1,0.2,0.5
33031,1,0,1.0,0.5
33080,2,1,0.5,0.5
33110,3,0,0.6666666666666666,0.16666666666666663
33153,1,0,1.0,0.5
33171,2,0,1.0,0.5
33270,3,1,0.3333333333333333,0.5
33293,1,0,1.0,0.5
33323,4,1,0.25,0.5
33335,1,0,1.0,0.5
33433,5,1,0.2,0.5
33495,1,1,1.0,0.5
33714,2,1,0.5,0.5
33773,1,1,1.0,0.5
33867,1,1,1.0,0.5
33870,1,1,1.0,0.5
33926,2,1,0.5,0.5
34088,1,0,1.0,0.5
34117,2,0,1.0,0.5
34133,5,1,0.2,0.5
34199,1,0,1.0,0.5
34237,2,1,0.5,0.0
34288,1,0,1.0,0.5
34478,3,0,0.6666666666666666,0.16666666666666663
34545,9,1,0.1111111111111111,0.5
34548,1,1,1.0,0.5
34630,1,0,1.0,0.5
34656,1,1,1.0,0.5
34694,1,0,1.0,0.5
34709,2,1,0.5,0.5
34948,1,1,1.0,0.5
34986,1,1,1.0,0.5
35023,1,0,1.0,0.5
35049,1,0,1.0,0.5
35067,1,0,1.0,0.5
35074,2,1,0.5,0.0
35241,2,1,0.5,0.5
35266,7,0,0.2857142857142857,0.2142857142857143
35267,1,0,1.0,0.5
35302,1,0,1.0,0.5
35305,2,1,0.5,0.5
35325,10,1,0.2,0.30000000000000004
35355,1,1,1.0,0.5
35458,2,0,1.0,0.5
35557,2,1,0.5,0.5
35603,1,1,1.0,0.5
35627,6,0,0.3333333333333333,0.0
35681,1,0,1.0,0.5
35685,1,0,1.0,0.5
35757,8,1,0.25,0.125
35760,2,0,0.5,0.5
35764,1,0,1.0,0.5
35827,1,0,1.0,0.5
35906,2,0,0.5,0.5
35928,1,1,1.0,0.5
36134,3,1,0.3333333333333333,0.5
36135,1,0,1.0,0.5
36146,1,1,1.0,0.5
36181,1,1,1.0,0.5
36197,4,1,0.5,0.25
36205,3,0,0.3333333333333333,0.5
36235,1,1,1.0,0.5
36256,3,0,0.6666666666666666,0.5
36362,1,1,1.0,0.5
36383,1,0,1.0,0.5
36408,3,0,0.6666666666666666,0.5
36429,1,0,1.0,0.5
36444,1,1,1.0,0.5
36451,4,1,0.5,0.25
36461,6,1,0.16666666666666666,0.5
36507,3,1,0.6666666666666666,0.5
36630,1,0,1.0,0.5
36673,3,1,0.6666666666666666,0.16666666666666663
36676,2,1,0.5,0.5
36792,1,1,1.0,0.5
36824,3,1,0.3333333333333333,0.5
36910,1,0,1.0,0.5
36953,15,1,0.2,0.23333333333333328
37139,2,0,0.5,0.5
37142,1,0,1.0,0.5
37152,2,1,0.5,0.5
37191,1,0,1.0,0.5
37424,1,0,1.0,0.5
37426,2,1,1.0,0.5
37459,1,1,1.0,0.5
37542,3,1,0.3333333333333333,0.5
37553,4,0,0.25,0.5
37570,2,1,0.5,0.5
37571,3,1,0.3333333333333333,0.5
37701,1,0,1.0,0.5
37712,2,0,0.5,0.5
37717,4,0,0.5,0.25
37753,1,0,1.0,0.5
37790,1,0,1.0,0.5
37843,4,1,1.0,0.5
37863,3,1,1.0,0.5
37875,2,1,1.0,0.5
38124,1,1,1.0,0.5
38128,1,0,1.0,0.5
38295,11,0,0.2727272727272727,0.31818181818181823
38330,1,0,1.0,0.5
38368,3,0,0.3333333333333333,0.5
38369,1,0,1.0,0.5
38380,5,1,0.4,0.5
38407,1,1,1.0,0.5
38462,2,1,0.5,0.5
38591,1,1,1.0,0.5
38643,1,0,1.0,0.5
38671,1,1,1.0,0.5
38710,1,0,1.0,0.5
38912,2,1,1.0,0.5
38930,3,1,0.3333333333333333,0.5
38937,1,1,1.0,0.5
38955,3,1,0.6666666666666666,0.5
38968,1,1,1.0,0.5
38982,1,0,1.0,0.5
39007,1,0,1.0,0.5
39149,2,1,1.0,0.5
39199,3,0,0.3333333333333333,0.5
39218,1,1,1.0,0.5
39301,1,0,1.0,0.5
39359,4,1,0.5,0.0
39360,1,0,1.0,0.5
39372,3,0,0.3333333333333333,0.5
39517,1,1,1.0,0.5
39530,1,1,1.0,0.5
39549,3,0,0.3333333333333333,0.5
39654,11,1,0.2727272727272727,0.31818181818181823
39662,1,0,1.0,0.5
39741,5,1,0.4,0.09999999999999998
39929,1,0,1.0,0.5
39969,3,0,0.3333333333333333,0.16666666666666663
39979,2,1,0.5,0.5
40070,1,0,1.0,0.5
40100,1,1,1.0,0.5
40239,1,0,1.0,0.5
40243,7,0,0.5714285714285714,0.0714285714285714
40247,1,1,1.0,0.5
40312,1,0,1.0,0.5
40319,3,0,0.3333333333333333,0.5
40331,2,0,0.5,0.5
40340,3,1,0.3333333333333333,0.5
40341,1,1,1.0,0.5
40353,1,1,1.0,0.5
40371,2,1,0.5,0.5
40383,3,1,1.0,0.16666666666666669
40433,1,1,1.0,0.5
40437,2,1,0.5,0.5
40463,2,1,0.5,0.5
40505,3,1,0.6666666666666666,0.16666666666666669
40539,4,1,0.25,0.5
40566,1,1,1.0,0.5
40650,3,1,0.6666666666666666,0.5
40654,1,1,1.0,0.5
40656,7,1,0.2857142857142857,0.2142857142857143
40696,3,1,0.3333333333333333,0.16666666666666669
40714,3,1,1.0,0.16666666666666669
40721,1,0,1.0,0.5
40775,3,0,0.6666666666666666,0.5
40780,1,0,1.0,0.5
40879,1,0,1.0,0.5
40962,2,0,0.5,0.5
41032,2,1,0.5,0.5
41090,3,1,0.3333333333333333,0.16666666666666669
41113,2,1,0.5,0.5
41186,5,1,0.2,0.5
41271,1,0,1.0,0.5
41303,1,1,1.0,0.5
41362,1,0,1.0,0.5
41426,2,0,1.0,0.0
41447,1,0,1.0,0.5
41468,2,1,0.5,0.0
41738,1,0,1.0,0.5
41819,5,1,0.6,0.09999999999999998
41865,1,1,1.0,0.5
41915,4,1,0.5,0.25
41942,1,0,1.0,0.5
41963,2,1,1.0,0.0
41992,1,0,1.0,0.5
41999,10,0,0.4,0.19999999999999996
42018,3,0,0.3333333333333333,0.5
42041,2,0,1.0,0.5
42147,1,0,1.0,0.5
42163,3,1,1.0,0.16666666666666669
42196,1,0,1.0,0.5
42223,2,1,0.5,0.5
42235,1,1,1.0,0.5
42320,3,1,1.0,0.16666666666666669
42345,1,0,1.0,0.5
42357,5,0,0.2,0.30000000000000004
42515,1,1,1.0,0.5
42561,1,1,1.0,0.5
42718,1,1,1.0,0.5
42822,1,1,1.0,0.5
42830,2,1,0.5,0.5
42840,3,0,0.6666666666666666,0.16666666666666663
42853,1,1,1.0,0.5
43002,1,0,1.0,0.5
43113,5,1,0.4,0.09999999999999998
43230,1,0,1.0,0.5
43231,1,1,1.0,0.5
43267,1,0,1.0,0.5
43282,1,1,1.0,0.5
43303,1,1,1.0,0.5
43390,3,0,0.3333333333333333,0.5
43403,7,1,0.2857142857142857,0.2142857142857143
43405,1,1,1.0,0.5
43426,1,0,1.0,0.5
43450,1,1,1.0,0.5
43603,1,0,1.0,0.5
43606,2,0,1.0,0.5
43628,1,1,1.0,0.5
43750,1,0,1.0,0.5
43817,1,1,1.0,0.5
43877,1,0,1.0,0.5
43881,1,0,1.0,0.5
43883,11,1,0.36363636363636365,0.13636363636363635
43905,2,0,0.5,0.5
43938,2,0,1.0,0.5
43965,2,1,0.5,0.5
44000,2,1,1.0,0.5
44025,3,1,0.3333333333333333,0.5
44074,1,0,1.0,0.5
44124,2,0,0.5,0.5
44218,4,1,0.5,0.25
44227,3,0,1.0,0.16666666666666669
44256,1,0,1.0,0.5
44272,2,1,0.5,0.0
44282,2,0,0.5,0.5
44283,1,1,1.0,0.5
44328,1,1,1.0,0.5
44331,1,1,1.0,0.5
44356,1,0,1.0,0.5
44357,6,1,0.3333333333333333,0.16666666666666669
44427,2,0,1.0,0.0
44450,2,1,0.5,0.5
44491,9,1,0.2222222222222222,0.16666666666666669
44563,3,1,0.3333333333333333,0.5
44574,1,0,1.0,0.5
44579,5,0,0.2,0.30000000000000004
44615,1,0,1.0,0.5
44625,1,1,1.0,0.5
44637,1,0,1.0,0.5
44656,2,0,0.5,0.5
44711,6,1,0.16666666666666666,0.5
44743,1,0,1.0,0.5
44745,1,0,1.0,0.5
44801,3,1,0.3333333333333333,0.16666666666666663
44830,5,1,0.2,0.5
44873,1,0,1.0,0.5
44886,1,1,1.0,0.5
44958,1,0,1.0,0.5
45126,1,0,1.0,0.5
45258,4,1,0.25,0.5
45259,3,1,0.3333333333333333,0.5
45260,1,1,1.0,0.5
45261,2,1,0.5,0.5
45278,1,1,1.0,0.5
45308,1,0,1.0,0.5
45392,3,1,0.3333333333333333,0.16666666666666663
45393,1,0,1.0,0.5
45491,2,1,0.5,0.5
45514,14,1,0.14285714285714285,0.3571428571428571
45604,1,0,1.0,0.5
45639,1,1,1.0,0.5
45679,1,0,1.0,0.5
45702,6,0,0.3333333333333333,0.16666666666666663
45763,3,1,0.3333333333333333,0.5
45775,2,0,0.5,0.5
45886,1,1,1.0,0.5
45991,2,1,0.5,0.5
46012,6,1,0.3333333333333333,0.5
46107,1,1,1.0,0.5
46113,11,1,0.18181818181818182,0.045454545454545414
46195,1,0,1.0,0.5
46252,4,0,0.75,0.25
46270,1,1,1.0,0.5
46299,1,1,1.0,0.5
46399,1,1,1.0,0.5
46400,7,1,0.5714285714285714,0.2142857142857143
46412,1,0,1.0,0.5
46561,2,1,1.0,0.0
46592,2,0,0.5,0.5
46598,6,1,0.16666666666666666,0.33333333333333337
46722,1,0,1.0,0.5
46743,4,1,0.5,0.5
46752,2,0,0.5,0.5
46782,1,1,1.0,0.5
46838,4,1,0.25,0.25
46900,1,0,1.0,0.5
46995,1,0,1.0,0.5
47006,1,0,1.0,0.5
47083,2,0,1.0,0.5
47090,1,0,1.0,0.5
47223,1,0,1.0,0.5
47340,7,1,0.14285714285714285,0.07142857142857145
47359,2,1,0.5,0.5
47414,1,1,1.0,0.5
47423,3,0,0.3333333333333333,0.5
47449,2,0,0.5,0.5
47582,2,1,0.5,0.5
47708,5,1,0.4,0.3
47715,1,1,1.0,0.5
47814,2,1,0.5,0.0
47815,4,1,0.25,0.5
47828,1,0,1.0,0.5
47851,1,0,1.0,0.5
47882,1,1,1.0,0.5
47977,1,1,1.0,0.5
48000,1,0,1.0,0.5
48018,2,0,0.5,0.5
48035,1,1,1.0,0.5
48134,3,0,0.6666666666666666,0.16666666666666663
48153,3,1,0.6666666666666666,0.16666666666666663
48172,6,0,0.3333333333333333,0.5
48224,1,1,1.0,0.5
48293,2,1,1.0,0.5
48297,1,0,1.0,0.5
48333,2,1,0.5,0.0
48379,3,1,0.3333333333333333,0.5
48380,1,1,1.0,0.5
48402,2,1,0.5,0.5
48412,2,1,0.5,0.5
48485,9,1,0.3333333333333333,0.05555555555555558
48568,3,0,0.3333333333333333,0.5
48580,1,0,1.0,0.5
48653,1,0,1.0,0.5
48665,1,0,1.0,0.5
48671,1,0,1.0,0.5
48785,2,0,0.5,0.5
49186,4,1,0.25,0.5
49187,1,0,1.0,0.5
49247,1,0,1.0,0.5
49294,3,1,0.3333333333333333,0.5
49306,1,0,1.0,0.5
49309,2,0,1.0,0.5
49346,3,1,0.3333333333333333,0.5
49359,4,1,0.5,0.25
49475,1,0,1.0,0.5
49503,1,0,1.0,0.5
49513,1,1,1.0,0.5
49527,3,1,0.3333333333333333,0.5
49548,7,1,0.42857142857142855,0.3571428571428571
49618,1,1,1.0,0.5
49619,1,1,1.0,0.5
49692,1,0,1.0,0.5
49695,1,0,1.0,0.5
49910,2,1,1.0,0.5
49958,1,0,1.0,0.5
50016,7,1,0.42857142857142855,0.3571428571428571
50024,1,1,1.0,0.5
50060,3,1,0.6666666666666666,0.5
50157,1,1,1.0,0.5
50262,1,1,1.0,0.5
50320,1,1,1.0,0.5
50327,3,1,0.3333333333333333,0.5
50346,3,1,0.6666666666666666,0.16666666666666669
50347,3,0,0.3333333333333333,0.5
50374,1,0,1.0,0.5
50403,3,0,0.3333333333333333,0.5
50554,1,0,1.0,0.5
50586,2,1,0.5,0.0
50641,2,0,1.0,0.0
50759,1,0,1.0,0.5
50778,1,0,1.0,0.5
50808,4,1,0.75,0.0
50820,1,1,1.0,0.5
50986,2,1,1.0,0.5
51087,1,1,1.0,0.5
51142,1,0,1.0,0.5
51231,2,1,0.5,0.5
51280,1,1,1.0,0.5
51299,4,1,0.25,0.0
51397,2,1,0.5,0.5
51438,1,0,1.0,0.5
51535,2,0,0.5,0.5
51540,1,0,1.0,0.5
51546,2,1,0.5,0.5
51570,4,1,0.5,0.25
51725,2,0,0.5,0.5
51793,1,0,1.0,0.5
51865,2,1,1.0,0.5
51871,2,0,0.5,0.5
51884,2,1,0.5,0.5
51971,1,1,1.0,0.5
52135,1,1,1.0,0.5
52170,2,0,1.0,0.5
52266,1,1,1.0,0.5
52287,3,0,0.3333333333333333,0.16666666666666669
52323,4,1,0.25,0.25
52324,1,0,1.0,0.5
52342,1,0,1.0,0.5
52517,1,0,1.0,0.5
52574,2,0,0.5,0.5
52615,1,1,1.0,0.5
52634,1,0,1.0,0.5
52647,1,0,1.0,0.5
52779,2,0,1.0,0.5
52837,1,0,1.0,0.5
52844,1,1,1.0,0.5
52872,1,1,1.0,0.5
53028,1,0,1.0,0.5
53143,1,0,1.0,0.5
53197,1,1,1.0,0.5
53221,2,0,1.0,0.5
53293,1,1,1.0,0.5
53304,1,0,1.0,0.5
53307,1,0,1.0,0.5
53312,1,1,1.0,0.5
53387,2,1,0.5,0.5
53399,1,0,1.0,0.5
53444,2,1,0.5,0.5
53512,1,0,1.0,0.5
53536,1,0,1.0,0.5
53549,2,1,0.5,0.5
53559,1,0,1.0,0.5
53607,4,1,0.5,0.5
53631,1,0,1.0,0.5
53691,1,0,1.0,0.5
53788,2,1,0.5,0.5
53879,4,1,0.5,0.5
53905,4,1,0.5,0.5
53947,1,1,1.0,0.5
53972,2,0,1.0,0.0
54008,8,1,0.25,0.25
54019,1,0,1.0,0.5
54033,1,1,1.0,0.5
54174,1,0,1.0,0.5
54177,1,0,1.0,0.5
54196,1,1,1.0,0.5
54359,3,1,0.3333333333333333,0.5
54442,3,0,0.3333333333333333,0.16666666666666669
54445,1,1,1.0,0.5
54553,3,0,0.3333333333333333,0.5
54572,1,0,1.0,0.5
54574,1,1,1.0,0.5
54685,1,1,1.0,0.5
54757,4,0,0.5,0.5
54787,2,1,0.5,0.5
54884,3,0,0.3333333333333333,0.5
54926,9,1,0.4444444444444444,0.16666666666666663
54962,1,1,1.0,0.5
55003,1,0,1.0,0.5
55205,2,1,0.5,0.0
55229,1,0,1.0,0.5
55240,1,0,1.0,0.5
55335,4,0,0.25,0.5
55401,3,0,1.0,0.16666666666666669
55517,2,0,0.5,0.5
55564,5,1,0.4,0.30000000000000004
55571,1,0,1.0,0.5
55612,3,1,0.3333333333333333,0.5
55724,2,0,1.0,0.0
55741,6,0,0.3333333333333333,0.33333333333333337
55804,1,0,1.0,0.5
56051,2,1,1.0,0.5
56055,2,1,0.5,0.5
56063,1,0,1.0,0.5
56080,3,0,0.3333333333333333,0.5
56126,2,0,1.0,0.5
56129,3,1,0.3333333333333333,0.5
56142,1,0,1.0,0.5
56175,1,0,1.0,0.5
56202,3,1,0.3333333333333333,0.16666666666666663
56221,1,0,1.0,0.5
56237,2,1,0.5,0.5
56244,3,1,0.3333333333333333,0.16666666666666663
56245,1,1,1.0,0.5
56273,5,1,0.4,0.5
56327,1,1,1.0,0.5
56352,2,1,0.5,0.5
56353,1,1,1.0,0.5
56402,1,0,1.0,0.5
56410,1,0,1.0,0.5
56494,1,0,1.0,0.5
56495,1,0,1.0,0.5
56521,1,0,1.0,0.5
56548,1,1,1.0,0.5
56550,1,0,1.0,0.5
56795,3,0,0.6666666666666666,0.16666666666666669
56797,1,1,1.0,0.5
56803,1,1,1.0,0.5
56804,1,0,1.0,0.5
56942,5,0,0.4,0.30000000000000004
56951,1,0,1.0,0.5
57044,1,0,1.0,0.5
57050,5,1,0.2,0.5
57056,1,0,1.0,0.5
57067,2,1,0.5,0.0
57098,1,0,1.0,0.5
57121,1,1,1.0,0.5
57156,1,1,1.0,0.5
57209,1,1,1.0,0.5
57211,2,1,0.5,0.5
57292,1,1,1.0,0.5
57323,2,0,0.5,0.5
57375,2,0,1.0,0.0
57417,1,0,1.0,0.5
57560,1,1,1.0,0.5
57598,1,0,1.0,0.5
57621,1,1,1.0,0.5
57679,1,0,1.0,0.5
57693,2,1,0.5,0.5
57726,3,0,0.6666666666666666,0.5
57739,1,1,1.0,0.5
57823,2,1,1.0,0.5
57836,1,1,1.0,0.5
57850,1,0,1.0,0.5
57908,1,0,1.0,0.5
57967,1,0,1.0,0.5
57994,3,1,0.6666666666666666,0.5
58031,1,0,1.0,0.5
58036,4,1,0.25,0.5
58078,5,1,0.2,0.09999999999999998
58081,1,0,1.0,0.5
58098,1,1,1.0,0.5
58135,2,1,0.5,0.5
58161,1,0,1.0,0.5
58194,1,0,1.0,0.5
58353,3,1,1.0,0.16666666666666663
58456,1,1,1.0,0.5
58502,2,1,0.5,0.0
58585,1,0,1.0,0.5
58606,1,0,1.0,0.5
58609,2,0,1.0,0.5
58629,1,0,1.0,0.5
58656,1,0,1.0,0.5
58719,1,0,1.0,0.5
58733,1,1,1.0,0.5
58790,3,1,0.3333333333333333,0.5
58802,2,1,1.0,0.0
58838,1,0,1.0,0.5
58878,1,1,1.0,0.5
58904,8,1,0.5,0.125
59067,3,1,0.3333333333333333,0.16666666666666669
59144,3,1,0.3333333333333333,0.5
59179,1,0,1.0,0.5
59209,1,1,1.0,0.5
59254,3,1,0.3333333333333333,0.5
59262,2,1,0.5,0.5
59443,1,0,1.0,0.5
59490,1,0,1.0,0.5
59764,2,0,1.0,0.0
59770,1,0,1.0,0.5
59865,3,1,0.3333333333333333,0.5
59913,2,1,0.5,0.5
59972,1,1,1.0,0.5
60027,1,1,1.0,0.5
60094,1,1,1.0,0.5
60119,1,0,1.0,0.5
60125,4,1,0.5,0.25
60151,5,0,0.4,0.09999999999999998
60157,1,0,1.0,0.5
60162,3,1,0.3333333333333333,0.5
60177,2,0,0.5,0.5
60241,2,1,0.5,0.5
60313,1,0,1.0,0.5
60329,2,0,0.5,0.5
60343,1,1,1.0,0.5
60362,1,0,1.0,0.5
60413,1,1,1.0,0.5
60438,2,0,1.0,0.0
60606,1,1,1.0,0.5
60642,3,1,0.6666666666666666,0.16666666666666663
60675,1,0,1.0,0.5
60814,2,0,0.5,0.5
60854,2,0,0.5,0.0
60855,2,0,1.0,0.5
60862,4,0,0.75,0.5
60928,3,0,0.6666666666666666,0.16666666666666669
60946,7,1,0.2857142857142857,0.07142857142857145
60967,5,0,0.2,0.09999999999999998
60982,1,1,1.0,0.5
61004,1,0,1.0,0.5
61051,5,0,0.8,0.09999999999999998
61054,1,1,1.0,0.5
61068,1,0,1.0,0.5
61232,3,0,1.0,0.16666666666666663
61260,1,0,1.0,0.5
61399,1,1,1.0,0.5
61542,1,0,1.0,0.5
61600,1,0,1.0,0.5
61625,1,0,1.0,0.5
61646,3,0,0.6666666666666666,0.5
61707,5,1,0.4,0.09999999999999998
61710,2,0,0.5,0.5
61753,1,1,1.0,0.5
61817,1,0,1.0,0.5
61842,3,1,0.6666666666666666,0.5
61890,9,1,0.1111111111111111,0.38888888888888884
61982,6,1,0.16666666666666666,0.5
62001,1,1,1.0,0.5
62069,5,1,0.2,0.09999999999999998
62123,1,0,1.0,0.5
62126,1,0,1.0,0.5
62194,2,1,0.5,0.5
62260,1,0,1.0,0.5
62317,2,0,0.5,0.5
62393,3,1,0.6666666666666666,0.16666666666666669
62409,1,1,1.0,0.5
62431,1,0,1.0,0.5
62435,2,0,1.0,0.5
62497,4,0,0.25,0.5
62517,2,0,0.5,0.5
62582,2,1,1.0,0.0
62660,1,0,1.0,0.5
62689,2,1,0.5,0.5
62708,1,0,1.0,0.5
62776,6,0,0.5,0.0
62909,1,0,1.0,0.5
62948,1,1,1.0,0.5
62983,1,0,1.0,0.5
63000,1,0,1.0,0.5
63091,2,1,0.5,0.5
63156,1,0,1.0,0.5
63189,1,0,1.0,0.5
63197,3,0,0.3333333333333333,0.5
63198,1,0,1.0,0.5
63209,1,0,1.0,0.5
63248,1,0,1.0,0.5
63259,3,0,1.0,0.5
63260,3,1,0.6666666666666666,0.16666666666666663
63312,2,1,0.5,0.5
63387,4,1,0.5,0.25
63432,1,0,1.0,0.5
63459,1,0,1.0,0.5
63470,1,1,1.0,0.5
63480,1,0,1.0,0.5
63481,1,0,1.0,0.5
63486,1,0,1.0,0.5
63493,4,0,0.25,0.25
63497,1,0,1.0,0.5
63514,2,1,0.5,0.5
63588,2,0,0.5,0.5
63705,1,0,1.0,0.5
63823,1,1,1.0,0.5
63862,1,0,1.0,0.5
63885,2,1,0.5,0.5
63891,6,1,0.5,0.16666666666666663
63902,2,1,0.5,0.5
63908,1,1,1.0,0.5
63909,8,0,0.25,0.125
63923,4,1,0.5,0.0
64084,1,0,1.0,0.5
64119,3,1,0.3333333333333333,0.5
64209,1,1,1.0,0.5
64256,1,0,1.0,0.5
64262,3,1,1.0,0.16666666666666669
64287,2,1,0.5,0.5
64290,1,1,1.0,0.5
64295,3,1,0.3333333333333333,0.5
64396,1,0,1.0,0.5
64397,1,0,1.0,0.5
64449,1,0,1.0,0.5
64476,4,0,0.25,0.5
64483,2,1,1.0,0.5
64506,2,0,1.0,0.5
64516,1,1,1.0,0.5
64584,1,0,1.0,0.5
64589,1,0,1.0,0.5
64626,1,0,1.0,0.5
64638,1,0,1.0,0.5
64692,1,1,1.0,0.5
64701,1,0,1.0,0.5
64735,1,0,1.0,0.5
64742,1,1,1.0,0.5
64750,1,1,1.0,0.5
64769,2,1,0.5,0.5
64902,1,1,1.0,0.5
64920,1,0,1.0,0.5
65007,1,1,1.0,0.5
65078,1,1,1.0,0.5
65096,7,1,0.2857142857142857,0.3571428571428571
65117,1,1,1.0,0.5
65211,1,1,1.0,0.5
65214,4,1,0.25,0.5
65288,2,1,0.5,0.5
65342,1,1,1.0,0.5
65343,1,0,1.0,0.5
65369,1,0,1.0,0.5
65404,2,0,0.5,0.5
65432,5,1,0.6,0.09999999999999998
65450,1,0,1.0,0.5
65464,2,0,1.0,0.5
65509,2,0,0.5,0.5
65616,1,0,1.0,0.5
65637,1,1,1.0,0.5
65684,1,1,1.0,0.5
65756,1,0,1.0,0.5
65764,7,0,0.2857142857142857,0.3571428571428571
65780,1,0,1.0,0.5
65797,3,0,0.3333333333333333,0.5
66019,2,1,0.5,0.5
66125,6,0,0.16666666666666666,0.33333333333333337
66200,1,0,1.0,0.5
66248,1,0,1.0,0.5
66253,3,0,0.3333333333333333,0.5
66345,1,0,1.0,0.5
66368,1,1,1.0,0.5
66382,1,0,1.0,0.5
66405,5,0,0.4,0.09999999999999998
66439,5,1,0.2,0.5
66449,5,1,0.6,0.5
66451,2,0,0.5,0.5
66452,1,0,1.0,0.5
66557,5,1,0.6,0.5
66560,3,1,0.3333333333333333,0.5
66575,1,0,1.0,0.5
66578,1,0,1.0,0.5
66733,1,0,1.0,0.5
66826,1,0,1.0,0.5
66934,1,1,1.0,0.5
66944,2,0,0.5,0.5
66984,1,1,1.0,0.5
67060,3,1,0.3333333333333333,0.16666666666666663
67083,1,1,1.0,0.5
67114,3,1,0.3333333333333333,0.5
67115,1,0,1.0,0.5
67173,1,0,1.0,0.5
67182,2,1,1.0,0.5
67223,5,1,0.2,0.5
67230,1,0,1.0,0.5
67368,1,0,1.0,0.5
67521,1,0,1.0,0.5
67561,2,1,0.5,0.5
67567,5,1,0.2,0.30000000000000004
67615,5,1,0.6,0.09999999999999998
67632,1,0,1.0,0.5
67649,1,0,1.0,0.5
67674,1,1,1.0,0.5
67694,3,0,0.3333333333333333,0.5
67696,3,0,0.3333333333333333,0.5
67709,3,1,0.6666666666666666,0.5
67723,6,1,0.16666666666666666,0.33333333333333337
67741,1,0,1.0,0.5
67790,1,1,1.0,0.5
67830,1,1,1.0,0.5
67945,3,1,0.3333333333333333,0.16666666666666663
67946,2,0,1.0,0.0
67971,3,0,0.6666666666666666,0.5
67981,1,1,1.0,0.5
68042,1,0,1.0,0.5
68057,1,0,1.0,0.5
68123,3,1,0.3333333333333333,0.5
68136,2,1,1.0,0.0
68219,2,0,0.5,0.5
68248,4,1,0.5,0.25
68291,1,0,1.0,0.5
68407,1,0,1.0,0.5
68419,3,1,0.6666666666666666,0.16666666666666663
68447,1,0,1.0,0.5
68472,3,0,0.3333333333333333,0.16666666666666663
68566,1,0,1.0,0.5
68587,2,0,1.0,0.0
68627,3,0,0.3333333333333333,0.5
68674,1,1,1.0,0.5
68734,1,0,1.0,0.5
68735,3,1,1.0,0.5
68759,1,1,1.0,0.5
68778,1,0,1.0,0.5
68785,3,0,0.3333333333333333,0.5
68813,1,0,1.0,0.5
68844,1,1,1.0,0.5
68862,1,0,1.0,0.5
68878,1,1,1.0,0.5
68880,2,1,0.5,0.5
68900,2,0,0.5,0.5
68930,1,1,1.0,0.5
68965,1,1,1.0,0.5
68988,1,1,1.0,0.5
69009,6,1,0.5,0.16666666666666663
69082,1,1,1.0,0.5
69089,1,0,1.0,0.5
69091,1,0,1.0,0.5
69112,3,0,0.6666666666666666,0.16666666666666663
69215,1,1,1.0,0.5
69244,1,0,1.0,0.5
69261,1,1,1.0,0.5
69331,1,0,1.0,0.5
69418,2,0,0.5,0.5
69468,1,0,1.0,0.5
69487,2,1,1.0,0.5
69494,1,1,1.0,0.5
69528,2,0,0.5,0.5
69553,6,1,0.16666666666666666,0.16666666666666663
69598,2,1,0.5,0.5
69643,1,1,1.0,0.5
69656,1,0,1.0,0.5
69680,2,1,0.5,0.5
69775,1,0,1.0,0.5
69797,1,0,1.0,0.5
69846,5,1,0.2,0.09999999999999998
70012,1,1,1.0,0.5
70076,2,0,0.5,0.5
70118,1,0,1.0,0.5
70153,1,0,1.0,0.5
70169,4,1,0.5,0.5
70189,4,1,0.5,0.25
70220,2,1,0.5,0.5
70268,1,1,1.0,0.5
70391,7,1,0.14285714285714285,0.5
70443,1,0,1.0,0.5
70464,1,0,1.0,0.5
70499,4,0,0.25,0.5
70516,2,0,0.5,0.5
70528,4,0,0.75,0.5
70571,2,0,1.0,0.5
70751,5,0,0.4,0.09999999999999998
70817,1,0,1.0,0.5
70823,1,0,1.0,0.5
70916,1,0,1.0,0.5
70930,1,1,1.0,0.5
70934,2,1,0.5,0.5
70949,2,1,0.5,0.5
70965,5,1,0.2,0.5
71010,2,0,0.5,0.5
71023,4,0,0.5,0.0
71036,6,1,0.16666666666666666,0.0
71037,1,0,1.0,0.5
71039,1,0,1.0,0.5
71090,1,1,1.0,0.5
71111,1,1,1.0,0.5
71132,2,1,0.5,0.5
71182,1,0,1.0,0.5
71223,1,0,1.0,0.5
71231,2,1,0.5,0.5
71262,1,0,1.0,0.5
71301,2,1,0.5,0.5
71336,1,0,1.0,0.5
71490,1,0,1.0,0.5
71494,2,0,0.5,0.5
71526,2,1,0.5,0.5
71535,5,0,0.4,0.5
71541,5,0,0.4,0.30000000000000004
71598,1,0,1.0,0.5
71637,6,1,0.3333333333333333,0.33333333333333337
71652,2,0,0.5,0.5
71662,3,1,1.0,0.16666666666666663
71682,2,0,0.5,0.5
71737,1,0,1.0,0.5
71773,1,1,1.0,0.5
71818,1,0,1.0,0.5
71830,2,1,0.5,0.5
71899,1,0,1.0,0.5
71901,1,0,1.0,0.5
71954,3,1,0.3333333333333333,0.5
72053,1,0,1.0,0.5
72096,1,1,1.0,0.5
72219,1,1,1.0,0.5
72221,1,1,1.0,0.5
72230,1,0,1.0,0.5
72291,8,0,0.375,0.25
72516,1,0,1.0,0.5
72536,1,0,1.0,0.5
72574,1,1,1.0,0.5
72577,2,1,0.5,0.5
72578,1,0,1.0,0.5
72591,1,1,1.0,0.5
72595,3,0,0.3333333333333333,0.5
72602,1,1,1.0,0.5
72631,2,1,0.5,0.5
72634,1,0,1.0,0.5
72643,2,1,0.5,0.5
72765,2,1,0.5,0.5
72778,1,1,1.0,0.5
72795,1,0,1.0,0.5
72875,1,0,1.0,0.5
72906,1,0,1.0,0.5
72913,1,0,1.0,0.5
72922,1,1,1.0,0.5
73044,2,1,0.5,0.5
73064,2,1,0.5,0.5
73175,1,1,1.0,0.5
73224,1,0,1.0,0.5
73226,1,0,1.0,0.5
73228,1,1,1.0,0.5
73240,3,1,0.6666666666666666,0.5
73258,1,1,1.0,0.5
73264,1,0,1.0,0.5
73274,1,0,1.0,0.5
73276,1,1,1.0,0.5
73298,1,1,1.0,0.5
73299,1,1,1.0,0.5
73301,1,1,1.0,0.5
73331,2,1,0.5,0.5
73354,1,0,1.0,0.5
73387,2,0,0.5,0.0
73442,1,0,1.0,0.5
73465,1,0,1.0,0.5
73474,2,1,0.5,0.5
73541,3,1,0.6666666666666666,0.5
73580,1,0,1.0,0.5
73583,1,1,1.0,0.5
73613,1,1,1.0,0.5
73651,1,0,1.0,0.5
73657,9,1,0.1111111111111111,0.2777777777777778
73760,1,1,1.0,0.5
73763,2,1,0.5,0.5
73955,3,1,0.3333333333333333,0.16666666666666663
73997,1,0,1.0,0.5
74005,1,0,1.0,0.5
74014,1,1,1.0,0.5
74020,1,0,1.0,0.5
74092,3,1,1.0,0.5
74130,5,0,0.8,0.3
74262,1,0,1.0,0.5
74268,2,0,0.5,0.5
74283,2,1,0.5,0.5
74334,1,1,1.0,0.5
74356,1,0,1.0,0.5
74362,1,0,1.0,0.5
74401,2,1,0.5,0.5
74470,1,1,1.0,0.5
74496,1,0,1.0,0.5
74542,1,1,1.0,0.5
74570,2,0,1.0,0.5
74593,1,0,1.0,0.5
74634,1,1,1.0,0.5
74642,1,0,1.0,0.5
74828,1,0,1.0,0.5
74870,1,1,1.0,0.5
74970,1,1,1.0,0.5
74974,1,0,1.0,0.5
75003,3,1,0.6666666666666666,0.5
75054,2,0,0.5,0.5
75153,11,1,0.2727272727272727,0.045454545454545414
75179,1,0,1.0,0.5
75198,1,0,1.0,0.5
75219,1,1,1.0,0.5
75437,3,0,0.6666666666666666,0.16666666666666663
75496,1,0,1.0,0.5
75508,1,0,1.0,0.5
75596,1,0,1.0,0.5
75634,2,0,0.5,0.5
75637,1,0,1.0,0.5
75652,5,1,0.4,0.30000000000000004
75662,2,1,0.5,0.5
75704,1,0,1.0,0.5
75764,5,1,0.4,0.5
75765,1,0,1.0,0.5
75769,2,0,0.5,0.5
75785,1,0,1.0,0.5
75786,1,0,1.0,0.5
75800,2,1,1.0,0.5
75806,1,0,1.0,0.5
75825,1,0,1.0,0.5
75932,1,0,1.0,0.5
75933,3,0,0.6666666666666666,0.5
75942,1,0,1.0,0.5
75962,1,0,1.0,0.5
76065,3,0,0.3333333333333333,0.5
76079,1,1,1.0,0.5
76124,1,0,1.0,0.5
76136,1,1,1.0,0.5
76256,3,1,0.6666666666666666,0.16666666666666663
76272,2,0,0.5,0.5
76385,1,1,1.0,0.5
76415,6,1,0.5,0.5
76458,10,1,0.3,0.30000000000000004
76471,2,0,0.5,0.5
76493,1,1,1.0,0.5
76528,1,0,1.0,0.5
76531,1,0,1.0,0.5
76599,4,1,0.5,0.25
76606,1,1,1.0,0.5
76764,4,1,0.25,0.25
76767,1,0,1.0,0.5
76778,3,1,0.3333333333333333,0.16666666666666669
76822,3,1,0.6666666666666666,0.16666666666666663
76852,1,0,1.0,0.5
76856,1,0,1.0,0.5
76933,2,0,1.0,0.5
76941,2,1,0.5,0.5
76985,1,0,1.0,0.5
77068,1,0,1.0,0.5
77080,1,0,1.0,0.5
77094,1,1,1.0,0.5
77095,3,1,0.3333333333333333,0.5
77179,1,0,1.0,0.5
77198,2,1,0.5,0.5
77252,2,1,0.5,0.5
77341,4,0,0.75,0.25
77342,1,0,1.0,0.5
77345,2,1,0.5,0.5
77371,1,0,1.0,0.5
77481,2,0,0.5,0.5
77501,2,1,0.5,0.5
77535,2,0,0.5,0.0
77541,4,1,0.25,0.5
77640,1,1,1.0,0.5
77673,1,0,1.0,0.5
77792,2,1,0.5,0.5
77845,2,0,1.0,0.5
77879,7,1,0.2857142857142857,0.5
77890,3,1,0.3333333333333333,0.5
77896,10,1,0.2,0.5
78036,6,0,0.3333333333333333,0.33333333333333337
78040,1,0,1.0,0.5
78044,2,0,1.0,0.5
78081,1,0,1.0,0.5
78082,1,0,1.0,0.5
78128,1,0,1.0,0.5
78212,3,1,0.3333333333333333,0.5
78220,6,1,0.16666666666666666,0.33333333333333337
78228,2,1,1.0,0.0
78242,1,0,1.0,0.5
78261,2,1,1.0,0.5
78309,1,0,1.0,0.5
78351,1,0,1.0,0.5
78355,1,0,1.0,0.5
78419,14,0,0.21428571428571427,0.2857142857142857
78539,1,0,1.0,0.5
78565,1,0,1.0,0.5
78593,1,1,1.0,0.5
78610,3,1,0.3333333333333333,0.5
78611,2,1,0.5,0.5
78649,2,0,1.0,0.0
78653,1,0,1.0,0.5
78667,1,0,1.0,0.5
78725,1,0,1.0,0.5
78754,1,0,1.0,0.5
78761,1,0,1.0,0.5
78773,2,0,1.0,0.5
78791,1,0,1.0,0.5
78819,1,0,1.0,0.5
78820,1,0,1.0,0.5
78867,1,0,1.0,0.5
78921,3,1,0.3333333333333333,0.5
78984,1,1,1.0,0.5
79085,1,0,1.0,0.5
79096,2,1,0.5,0.5
79135,1,0,1.0,0.5
79166,2,0,0.5,0.0
79175,1,0,1.0,0.5
79190,1,0,1.0,0.5
79246,4,1,0.25,0.25
79248,1,0,1.0,0.5
79281,1,1,1.0,0.5
79307,2,1,0.5,0.5
79335,1,0,1.0,0.5
79350,1,1,1.0,0.5
79369,2,0,0.5,0.5
79393,2,0,0.5,0.0
79409,1,1,1.0,0.5
79465,2,0,0.5,0.5
79469,1,1,1.0,0.5
79486,2,1,0.5,0.0
79584,3,1,0.6666666666666666,0.16666666666666669
79596,3,1,1.0,0.16666666666666663
79598,2,0,0.5,0.5
79682,1,1,1.0,0.5
79798,1,0,1.0,0.5
79828,1,0,1.0,0.5
79838,8,0,0.5,0.125
79979,2,0,1.0,0.5
80023,1,0,1.0,0.5
80130,3,0,0.3333333333333333,0.16666666666666669
80140,1,1,1.0,0.5
80234,1,1,1.0,0.5
80318,1,1,1.0,0.5
80325,13,0,0.38461538461538464,0.2692307692307693
80378,1,1,1.0,0.5
80492,3,0,0.6666666666666666,0.5
80568,1,0,1.0,0.5
80663,1,1,1.0,0.5
80719,8,1,0.25,0.375
80722,1,1,1.0,0.5
80733,1,0,1.0,0.5
80786,1,0,1.0,0.5
80923,1,0,1.0,0.5
81179,1,0,1.0,0.5
81194,3,1,0.3333333333333333,0.5
81247,1,1,1.0,0.5
81281,1,1,1.0,0.5
81294,1,1,1.0,0.5
81321,2,0,1.0,0.0
81346,1,1,1.0,0.5
81386,1,0,1.0,0.5
81512,2,1,1.0,0.5
81641,1,0,1.0,0.5
81675,1,0,1.0,0.5
81774,1,0,1.0,0.5
81834,1,0,1.0,0.5
81851,2,0,0.5,0.5
81878,1,1,1.0,0.5
81888,3,0,0.6666666666666666,0.5
81979,1,0,1.0,0.5
82018,1,1,1.0,0.5
82019,12,1,0.16666666666666666,0.41666666666666663
82092,1,1,1.0,0.5
82138,2,0,1.0,0.5
82395,3,0,0.3333333333333333,0.5
82492,2,0,0.5,0.5
82729,1,1,1.0,0.5
82835,1,0,1.0,0.5
82861,1,0,1.0,0.5
82987,5,1,0.2,0.5
83054,23,1,0.13043478260869565,0.32608695652173914
83057,1,0,1.0,0.5
83162,1,0,1.0,0.5
83181,1,1,1.0,0.5
83191,3,1,0.3333333333333333,0.16666666666666663
83213,1,0,1.0,0.5
83239,2,0,0.5,0.5
83251,1,0,1.0,0.5
83287,1,1,1.0,0.5
83307,3,1,0.3333333333333333,0.5
83308,1,0,1.0,0.5
83372,1,0,1.0,0.5
83401,1,0,1.0,0.5
83460,4,1,0.25,0.25
83468,3,1,0.3333333333333333,0.5
83499,1,0,1.0,0.5
83537,3,1,0.3333333333333333,0.5
83843,1,0,1.0,0.5
83995,1,0,1.0,0.5
84084,1,0,1.0,0.5
84319,1,0,1.0,0.5
84320,1,0,1.0,0.5
84322,2,0,1.0,0.0
84511,1,0,1.0,0.5
84742,2,0,1.0,0.0
84767,3,1,0.6666666666666666,0.16666666666666663
85050,1,1,1.0,0.5
85051,7,1,0.14285714285714285,0.07142857142857145
85127,3,1,0.6666666666666666,0.5
85218,1,0,1.0,0.5
85437,1,0,1.0,0.5
85532,2,0,0.5,0.5
85696,5,1,0.4,0.09999999999999998
85833,1,0,1.0,0.5
86032,1,0,1.0,0.5
86046,2,0,0.5,0.5
86120,1,1,1.0,0.5
86161,1,1,1.0,0.5
86166,1,0,1.0,0.5
86246,2,1,0.5,0.5
86339,1,1,1.0,0.5
86359,2,0,0.5,0.5
86444,1,0,1.0,0.5
86458,1,0,1.0,0.5
86501,2,0,0.5,0.5
86520,3,1,0.3333333333333333,0.5
86583,1,1,1.0,0.5
86601,1,0,1.0,0.5
86608,1,0,1.0,0.5
86645,2,1,0.5,0.5
86655,1,0,1.0,0.5
86659,2,1,0.5,0.5
86691,3,1,0.6666666666666666,0.16666666666666669
86694,2,1,0.5,0.0
86701,1,1,1.0,0.5
86720,1,0,1.0,0.5
86732,2,1,1.0,0.5
86747,2,0,1.0,0.5
86789,1,0,1.0,0.5
86791,2,1,0.5,0.5
86810,1,0,1.0,0.5
86818,3,1,0.3333333333333333,0.5
86828,1,1,1.0,0.5
86833,1,1,1.0,0.5
86850,3,1,0.3333333333333333,0.5
86873,1,0,1.0,0.5
86923,2,1,0.5,0.5
86936,1,0,1.0,0.5
86957,1,1,1.0,0.5
87004,6,1,0.16666666666666666,0.16666666666666663
87005,2,1,0.5,0.5
87134,2,1,0.5,0.5
87272,1,1,1.0,0.5
87318,1,0,1.0,0.5
87320,2,0,0.5,0.5
87448,3,0,0.3333333333333333,0.5
87456,1,0,1.0,0.5
87506,1,1,1.0,0.5
87516,1,0,1.0,0.5
87517,1,0,1.0,0.5
87540,2,0,0.5,0.5
87550,3,1,0.3333333333333333,0.5
87589,1,1,1.0,0.5
87689,2,1,0.5,0.5
87702,2,0,0.5,0.5
87716,2,1,0.5,0.0
87717,2,1,0.5,0.5
87736,1,0,1.0,0.5
87737,1,0,1.0,0.5
87793,2,0,1.0,0.0
87827,2,1,0.5,0.5
87835,1,1,1.0,0.5
87940,1,0,1.0,0.5
87972,1,0,1.0,0.5
88018,2,1,1.0,0.5
88075,1,0,1.0,0.5
88086,1,0,1.0,0.5
88138,1,0,1.0,0.5
88144,1,0,1.0,0.5
88192,5,1,0.4,0.30000000000000004
88226,1,1,1.0,0.5
88239,4,0,0.5,0.5
88270,1,0,1.0,0.5
88272,2,1,1.0,0.5
88333,3,1,0.6666666666666666,0.5
88350,1,0,1.0,0.5
88512,2,1,1.0,0.5
88559,1,1,1.0,0.5
88595,2,1,1.0,0.5
88598,1,1,1.0,0.5
88617,1,0,1.0,0.5
88631,3,1,0.6666666666666666,0.16666666666666663
88637,1,0,1.0,0.5
88646,2,1,0.5,0.5
88818,4,0,0.25,0.25
88819,2,0,0.5,0.5
88828,2,1,0.5,0.5
88849,2,1,0.5,0.5
88888,2,1,0.5,0.5
88911,2,1,0.5,0.5
89018,1,0,1.0,0.5
89042,3,0,0.6666666666666666,0.5
89074,1,0,1.0,0.5
89078,1,0,1.0,0.5
89117,3,0,0.6666666666666666,0.5
89186,5,1,0.6,0.09999999999999998
89197,1,1,1.0,0.5
89200,3,1,0.3333333333333333,0.5
89209,1,0,1.0,0.5
89235,2,1,0.5,0.5
89299,3,1,0.3333333333333333,0.5
89745,1,0,1.0,0.5
89748,1,0,1.0,0.5
89749,1,1,1.0,0.5
89751,1,1,1.0,0.5
89757,2,0,0.5,0.5
89758,1,0,1.0,0.5
89811,1,0,1.0,0.5
89814,1,0,1.0,0.5
89840,2,1,0.5,0.5
89881,2,1,0.5,0.0
89900,2,0,0.5,0.5
89905,1,0,1.0,0.5
89946,1,0,1.0,0.5
89956,2,0,0.5,0.5
89972,2,1,1.0,0.0
90003,1,0,1.0,0.5
90012,1,0,1.0,0.5
90064,9,0,0.3333333333333333,0.38888888888888884
90074,1,0,1.0,0.5
90075,2,1,0.5,0.0
90208,1,1,1.0,0.5
90270,4,1,0.25,0.5
90306,1,0,1.0,0.5
90307,1,1,1.0,0.5
90316,1,1,1.0,0.5
90376,1,0,1.0,0.5
90447,3,0,0.3333333333333333,0.16666666666666663
90449,1,1,1.0,0.5
90491,3,1,0.3333333333333333,0.5
90515,1,0,1.0,0.5
90526,2,0,0.5,0.5
90552,2,1,0.5,0.5
90555,2,0,0.5,0.0
90598,1,0,1.0,0.5
90678,1,0,1.0,0.5
90760,1,0,1.0,0.5
90767,1,0,1.0,0.5
90769,1,0,1.0,0.5
90812,1,0,1.0,0.5
90816,1,0,1.0,0.5
90868,1,0,1.0,0.5
90893,2,1,0.5,0.0
90939,3,1,0.3333333333333333,0.5
91038,3,0,0.3333333333333333,0.5
91076,1,0,1.0,0.5
91118,1,1,1.0,0.5
91139,1,1,1.0,0.5
91210,1,1,1.0,0.5
91239,1,0,1.0,0.5
91282,1,0,1.0,0.5
91305,2,1,0.5,0.5
91306,3,1,0.6666666666666666,0.16666666666666663
91332,1,0,1.0,0.5
91434,2,1,1.0,0.5
91482,1,0,1.0,0.5
91557,1,0,1.0,0.5
91621,1,1,1.0,0.5
91634,1,1,1.0,0.5
91733,1,0,1.0,0.5
91747,1,0,1.0,0.5
91802,1,0,1.0,0.5
91836,2,1,0.5,0.0
91916,7,1,0.2857142857142857,0.0714285714285714
91961,1,0,1.0,0.5
92002,2,1,0.5,0.5
92013,1,0,1.0,0.5
92032,2,1,1.0,0.5
92039,1,0,1.0,0.5
92089,1,0,1.0,0.5
92203,3,0,0.3333333333333333,0.5
92210,2,0,0.5,0.5
92230,1,1,1.0,0.5
92242,7,1,0.2857142857142857,0.0714285714285714
92270,1,1,1.0,0.5
92332,1,1,1.0,0.5
92334,2,0,0.5,0.5
92368,1,0,1.0,0.5
92519,1,0,1.0,0.5
92565,1,0,1.0,0.5
92589,2,0,1.0,0.5
92597,1,0,1.0,0.5
92605,1,0,1.0,0.5
92676,2,1,0.5,0.0
92700,1,0,1.0,0.5
92711,1,0,1.0,0.5
92721,1,0,1.0,0.5
92735,1,0,1.0,0.5
92798,1,0,1.0,0.5
92802,1,0,1.0,0.5
92832,3,1,0.3333333333333333,0.5
92864,2,0,0.5,0.5
92878,2,0,0.5,0.5
92906,2,1,0.5,0.5
92911,1,1,1.0,0.5
92946,3,1,0.6666666666666666,0.5
92994,1,1,1.0,0.5
92997,1,1,1.0,0.5
93071,1,1,1.0,0.5
93123,1,0,1.0,0.5
93140,1,1,1.0,0.5
93168,1,0,1.0,0.5
93222,2,1,0.5,0.5
93257,6,1,0.3333333333333333,0.16666666666666669
93263,2,0,0.5,0.5
93288,1,1,1.0,0.5
93296,5,1,0.4,0.09999999999999998
93309,1,1,1.0,0.5
93320,1,1,1.0,0.5
93360,1,1,1.0,0.5
93387,3,1,0.6666666666666666,0.5
93393,2,1,0.5,0.5
93404,2,0,1.0,0.0
93454,1,0,1.0,0.5
93529,1,0,1.0,0.5
93546,2,1,1.0,0.0
93548,2,0,1.0,0.0
93556,7,1,0.14285714285714285,0.0714285714285714
93567,1,0,1.0,0.5
93576,1,1,1.0,0.5
93633,1,1,1.0,0.5
93690,1,0,1.0,0.5
93756,1,1,1.0,0.5
93760,3,1,0.3333333333333333,0.5
93767,3,0,1.0,0.16666666666666669
93785,1,0,1.0,0.5
93861,2,1,0.5,0.5
93895,1,1,1.0,0.5
93909,1,1,1.0,0.5
93923,1,1,1.0,0.5
93930,4,1,0.5,0.25
93932,1,0,1.0,0.5
93936,2,1,0.5,0.0
93944,1,0,1.0,0.5
93968,5,1,0.4,0.5
93969,1,0,1.0,0.5
94028,1,0,1.0,0.5
94029,2,1,0.5,0.0
94032,1,0,1.0,0.5
94041,1,0,1.0,0.5
94048,1,0,1.0,0.5
94063,1,0,1.0,0.5
94068,2,1,1.0,0.0
94080,1,1,1.0,0.5
94152,1,0,1.0,0.5
94184,1,0,1.0,0.5
94229,1,0,1.0,0.5
94239,1,0,1.0,0.5
94252,3,0,0.6666666666666666,0.5
94255,1,1,1.0,0.5
94269,1,0,1.0,0.5
94279,3,1,0.6666666666666666,0.5
94299,14,1,0.14285714285714285,0.3571428571428571
94324,1,1,1.0,0.5
94335,1,1,1.0,0.5
94336,1,0,1.0,0.5
94400,3,0,0.3333333333333333,0.5
94505,1,1,1.0,0.5
94524,5,1,0.4,0.09999999999999998
94660,1,0,1.0,0.5
94662,1,0,1.0,0.5
94714,1,0,1.0,0.5
94738,2,1,0.5,0.0
94751,2,1,0.5,0.5
94752,2,1,0.5,0.5
94784,1,0,1.0,0.5
94843,3,1,0.3333333333333333,0.5
94855,4,1,1.0,0.5
94883,1,0,1.0,0.5
94963,1,0,1.0,0.5
94967,8,0,0.25,0.125
95006,5,0,0.4,0.09999999999999998
95034,2,0,0.5,0.5
95078,5,0,0.6,0.30000000000000004
95083,1,0,1.0,0.5
95095,2,0,0.5,0.5
95105,3,0,0.3333333333333333,0.5
95118,1,1,1.0,0.5
95122,2,0,1.0,0.5
95171,1,0,1.0,0.5
95178,1,0,1.0,0.5
95186,3,1,0.3333333333333333,0.5
95187,12,1,0.08333333333333333,0.16666666666666663
95194,1,0,1.0,0.5
95326,1,1,1.0,0.5
95447,1,0,1.0,0.5
95449,6,0,0.5,0.0
95482,1,0,1.0,0.5
95498,6,1,0.16666666666666666,0.33333333333333337
95526,4,1,0.75,0.25
95528,2,1,0.5,0.5
95547,1,0,1.0,0.5
95575,2,1,0.5,0.0
95576,2,0,0.5,0.5
95584,3,0,0.6666666666666666,0.5
95613,1,0,1.0,0.5
95615,2,0,0.5,0.0
95621,3,0,0.3333333333333333,0.5
95637,1,1,1.0,0.5
95673,2,1,1.0,0.5
95740,6,1,0.16666666666666666,0.33333333333333337
95751,1,0,1.0,0.5
95768,2,0,0.5,0.5
95793,4,1,0.5,0.5
95802,4,1,0.5,0.0
95818,1,0,1.0,0.5
95862,1,0,1.0,0.5
95895,4,0,0.5,0.5
95905,1,0,1.0,0.5
95908,2,1,0.5,0.5
95924,4,0,0.5,0.0
95955,2,0,0.5,0.5
96024,4,1,0.75,0.25
96069,1,0,1.0,0.5
96079,1,0,1.0,0.5
96122,3,1,0.3333333333333333,0.16666666666666669
96173,2,1,1.0,0.5
96175,1,0,1.0,0.5
96178,1,0,1.0,0.5
96191,1,1,1.0,0.5
96194,2,0,1.0,0.0
96202,3,1,0.3333333333333333,0.5
96244,5,0,0.4,0.3
96250,3,0,0.3333333333333333,0.16666666666666669
96254,2,0,0.5,0.5
96305,1,0,1.0,0.5
96322,3,1,0.6666666666666666,0.5
96341,1,0,1.0,0.5
96354,2,1,1.0,0.5
96397,1,0,1.0,0.5
96398,1,1,1.0,0.5
96412,1,0,1.0,0.5
96474,1,0,1.0,0.5
96505,10,0,0.1,0.30000000000000004
96560,1,0,1.0,0.5
96566,4,1,0.25,0.25
96595,4,0,0.25,0.5
96637,4,1,0.75,0.0
96638,1,0,1.0,0.5
96641,1,1,1.0,0.5
96643,1,1,1.0,0.5
96644,2,1,0.5,0.5
96645,1,0,1.0,0.5
96646,1,0,1.0,0.5
96663,2,1,0.5,0.5
96672,1,0,1.0,0.5
96700,1,0,1.0,0.5
96810,4,0,0.75,0.5
96850,3,1,0.3333333333333333,0.16666666666666669
96856,1,0,1.0,0.5
96884,3,1,0.3333333333333333,0.5
96904,2,0,0.5,0.5
96962,1,0,1.0,0.5
96977,3,0,0.3333333333333333,0.5
96981,1,0,1.0,0.5
97023,5,1,0.2,0.5
97024,1,0,1.0,0.5
97026,3,1,0.6666666666666666,0.16666666666666663
97089,1,1,1.0,0.5
97117,1,0,1.0,0.5
97145,1,0,1.0,0.5
97148,1,1,1.0,0.5
97212,1,0,1.0,0.5
97225,1,0,1.0,0.5
97255,2,0,0.5,0.5
97312,1,0,1.0,0.5
97350,2,1,0.5,0.5
97354,8,1,0.5,0.5
97378,1,0,1.0,0.5
97398,12,0,0.25,0.16666666666666663
97421,3,1,0.3333333333333333,0.5
97422,2,0,0.5,0.5
97452,1,0,1.0,0.5
97466,1,1,1.0,0.5
97476,1,0,1.0,0.5
97563,1,1,1.0,0.5
97607,2,1,0.5,0.5
97612,1,0,1.0,0.5
97666,1,1,1.0,0.5
97674,6,1,0.5,0.5
97686,2,0,0.5,0.5
97687,2,0,0.5,0.5
97702,1,0,1.0,0.5
97714,1,1,1.0,0.5
97749,1,0,1.0,0.5
97766,1,0,1.0,0.5
97792,1,0,1.0,0.5
97836,2,0,1.0,0.5
97857,1,1,1.0,0.5
97863,1,0,1.0,0.5
97864,1,0,1.0,0.5
97870,1,0,1.0,0.5
97885,7,1,0.2857142857142857,0.2142857142857143
97902,2,0,0.5,0.5
97917,1,0,1.0,0.5
97920,1,0,1.0,0.5
97934,1,0,1.0,0.5
97946,2,1,0.5,0.5
97958,2,0,0.5,0.5
97976,5,0,0.4,0.3
97986,1,0,1.0,0.5
98005,3,1,0.6666666666666666,0.5
98036,1,1,1.0,0.5
98052,1,0,1.0,0.5
98058,1,0,1.0,0.5
98063,1,0,1.0,0.5
98073,3,1,0.6666666666666666,0.5
98092,2,0,1.0,0.0
98099,1,1,1.0,0.5
98103,1,0,1.0,0.5
98104,1,0,1.0,0.5
98149,1,0,1.0,0.5
98155,4,1,0.5,0.25
98176,1,0,1.0,0.5
98181,2,1,0.5,0.5
98195,1,0,1.0,0.5
98196,2,0,0.5,0.5
98218,1,1,1.0,0.5
98222,4,1,0.25,0.0
98239,1,0,1.0,0.5
98253,2,0,1.0,0.0
98254,1,0,1.0,0.5
98256,2,1,1.0,0.5
98281,6,1,0.3333333333333333,0.33333333333333337
98285,1,0,1.0,0.5
98307,2,1,0.5,0.5
98316,1,0,1.0,0.5
98330,2,0,1.0,0.0
98332,1,0,1.0,0.5
98349,2,0,0.5,0.5
98350,1,0,1.0,0.5
98357,1,0,1.0,0.5
98360,1,0,1.0,0.5
98362,1,0,1.0,0.5
98366,4,0,0.25,0.0
98377,1,0,1.0,0.5
98383,1,0,1.0,0.5
98418,1,0,1.0,0.5
98434,1,0,1.0,0.5
98438,2,0,0.5,0.5
98447,2,1,0.5,0.0
98455,2,0,0.5,0.5
98461,3,1,0.6666666666666666,0.16666666666666663
98463,1,0,1.0,0.5
98477,2,0,1.0,0.0
98484,7,1,0.42857142857142855,0.5
98492,1,0,1.0,0.5
98508,1,0,1.0,0.5
98511,1,0,1.0,0.5
98523,1,0,1.0,0.5
98525,1,0,1.0,0.5
98545,3,0,0.3333333333333333,0.5
98549,1,1,1.0,0.5
98558,1,0,1.0,0.5
98563,1,0,1.0,0.5
98610,1,0,1.0,0.5
98660,1,0,1.0,0.5
98672,1,0,1.0,0.5
98705,1,0,1.0,0.5
98738,1,0,1.0,0.5
98759,1,0,1.0,0.5
98769,1,0,1.0,0.5
98770,1,0,1.0,0.5
98788,1,0,1.0,0.5
98793,1,0,1.0,0.5
98811,4,1,1.0,0.25
98816,1,0,1.0,0.5
98820,1,0,1.0,0.5
98859,1,0,1.0,0.5
98860,1,0,1.0,0.5
98861,2,1,0.5,0.5
98867,1,0,1.0,0.5
98872,1,0,1.0,0.5
98889,1,1,1.0,0.5
98893,1,0,1.0,0.5
98902,3,1,1.0,0.16666666666666663
98915,1,0,1.0,0.5
98929,1,0,1.0,0.5
98976,1,0,1.0,0.5
98979,1,0,1.0,0.5
98994,1,0,1.0,0.5
99001,1,0,1.0,0.5
99004,4,1,0.75,0.5
99005,1,1,1.0,0.5
99019,1,0,1.0,0.5
99021,1,0,1.0,0.5
99050,4,0,0.25,0.5
99060,1,0,1.0,0.5
99068,1,0,1.0,0.5
99073,1,0,1.0,0.5
99076,3,1,0.3333333333333333,0.5
99085,1,1,1.0,0.5
99096,2,0,0.5,0.5
99109,6,1,0.3333333333333333,0.5
99141,1,0,1.0,0.5
99146,1,0,1.0,0.5
99157,1,0,1.0,0.5
99161,1,1,1.0,0.5
99162,2,0,1.0,0.5
99181,1,0,1.0,0.5
99199,1,0,1.0,0.5
99210,1,0,1.0,0.5
99224,2,0,0.5,0.5
99235,1,0,1.0,0.5
99238,1,0,1.0,0.5
99243,1,0,1.0,0.5
99249,1,0,1.0,0.5
99256,1,0,1.0,0.5
99257,1,0,1.0,0.5
99265,2,1,0.5,0.5
99269,2,1,0.5,0.5
99270,2,0,0.5,0.5
99271,2,0,0.5,0.5
99277,1,0,1.0,0.5
99282,3,1,0.3333333333333333,0.5
99323,7,0,0.42857142857142855,0.3571428571428571
99344,1,0,1.0,0.5
99377,1,1,1.0,0.5
99378,2,0,0.5,0.5
99382,3,0,0.3333333333333333,0.5
99392,2,0,0.5,0.5
99394,1,0,1.0,0.5
99399,1,1,1.0,0.5
99442,1,0,1.0,0.5
99446,1,0,1.0,0.5
99449,1,1,1.0,0.5
99450,3,1,0.6666666666666666,0.16666666666666669
99499,1,1,1.0,0.5
99550,1,0,1.0,0.5
99566,1,0,1.0,0.5
99569,1,0,1.0,0.5
99576,2,1,0.5,0.5
99577,1,1,1.0,0.5
99589,1,0,1.0,0.5
99596,3,0,0.3333333333333333,0.5
99606,1,1,1.0,0.5
99612,1,0,1.0,0.5
99638,1,0,1.0,0.5
99641,1,0,1.0,0.5
99657,1,0,1.0,0.5
99674,3,0,0.3333333333333333,0.5
99675,9,1,0.5555555555555556,0.16666666666666663
99688,2,1,0.5,0.5
99750,1,0,1.0,0.5
99755,1,0,1.0,0.5
99757,1,0,1.0,0.5
99758,1,0,1.0,0.5
99760,4,0,0.5,0.25
99762,1,0,1.0,0.5
99787,1,0,1.0,0.5
99790,3,0,0.3333333333333333,0.5
99795,1,0,1.0,0.5
99799,2,0,0.5,0.5
99802,1,1,1.0,0.5
99806,3,0,0.3333333333333333,0.5
99813,1,0,1.0,0.5
99820,2,1,0.5,0.5
99838,1,1,1.0,0.5
99844,2,1,0.5,0.5
99856,1,0,1.0,0.5
99863,2,1,0.5,0.5
99866,10,0,0.6,0.09999999999999998
99878,1,0,1.0,0.5
99882,3,1,0.3333333333333333,0.5
99889,2,1,1.0,0.5
99892,1,0,1.0,0.5
99904,9,1,0.2222222222222222,0.38888888888888884
99911,1,0,1.0,0.5
99913,1,1,1.0,0.5
99914,1,0,1.0,0.5
99923,1,0,1.0,0.5
99927,1,0,1.0,0.5
99928,5,0,0.2,0.5
99930,2,0,0.5,0.5
99939,1,0,1.0,0.5
99978,2,1,1.0,0.0
99982,6,1,0.3333333333333333,0.16666666666666669
99992,1,0,1.0,0.5
99994,2,0,0.5,0.5
99995,1,0,1.0,0.5
100001,3,1,0.6666666666666666,0.5
100013,1,1,1.0,0.5
100017,1,0,1.0,0.5
100029,1,0,1.0,0.5
100055,1,0,1.0,0.5
100072,3,1,0.3333333333333333,0.5
100080,2,0,0.5,0.5
100081,1,0,1.0,0.5
100086,1,0,1.0,0.5
100097,1,0,1.0,0.5
100116,1,1,1.0,0.5
100120,1,1,1.0,0.5
100128,1,0,1.0,0.5
100144,3,1,0.3333333333333333,0.16666666666666669
100145,1,0,1.0,0.5
100154,9,0,0.3333333333333333,0.38888888888888884
100199,2,1,0.5,0.5
100206,1,0,1.0,0.5
100219,1,0,1.0,0.5
100224,2,0,0.5,0.5
100226,4,1,0.25,0.5
100256,1,0,1.0,0.5
100281,1,0,1.0,0.5
100285,1,0,1.0,0.5
100297,1,0,1.0,0.5
100298,5,1,0.4,0.3
100329,1,0,1.0,0.5
100337,1,0,1.0,0.5
100338,1,0,1.0,0.5
100343,2,0,0.5,0.5
100367,1,0,1.0,0.5
100369,1,1,1.0,0.5
100380,2,0,0.5,0.5
100384,1,0,1.0,0.5
100387,1,0,1.0,0.5
100389,1,0,1.0,0.5
100394,1,1,1.0,0.5
100398,1,0,1.0,0.5
100404,1,0,1.0,0.5
100417,2,0,1.0,0.0
100425,1,1,1.0,0.5
100428,1,0,1.0,0.5
100429,1,0,1.0,0.5
100431,2,1,1.0,0.0
100442,2,0,0.5,0.5
100444,2,0,0.5,0.5
100451,3,0,0.3333333333333333,0.5
100454,9,1,0.3333333333333333,0.38888888888888884
100460,2,0,0.5,0.5
100463,5,0,0.4,0.30000000000000004
100472,1,0,1.0,0.5
100474,1,0,1.0,0.5
100486,1,1,1.0,0.5
100489,1,0,1.0,0.5
100502,1,0,1.0,0.5
100505,1,0,1.0,0.5
100513,2,1,0.5,0.5
100521,1,0,1.0,0.5
100525,2,0,0.5,0.5
100530,1,0,1.0,0.5
100536,2,1,1.0,0.0
100537,1,0,1.0,0.5
100552,1,0,1.0,0.5
100579,1,0,1.0,0.5
100594,2,0,0.5,0.5
100595,4,0,0.75,0.25
100604,1,0,1.0,0.5
100615,1,0,1.0,0.5
100647,2,0,0.5,0.5
100648,3,0,0.6666666666666666,0.5
100660,1,0,1.0,0.5
100662,2,0,1.0,0.0
100676,1,0,1.0,0.5
100689,1,0,1.0,0.5
100702,1,0,1.0,0.5
100705,1,0,1.0,0.5
100707,7,1,0.2857142857142857,0.0714285714285714
100708,1,0,1.0,0.5
100710,1,0,1.0,0.5
100728,1,0,1.0,0.5
100736,1,0,1.0,0.5
100742,1,0,1.0,0.5
100744,1,0,1.0,0.5
100771,1,0,1.0,0.5
100772,3,0,0.3333333333333333,0.16666666666666663
100791,1,0,1.0,0.5
100799,1,0,1.0,0.5
100805,5,1,0.2,0.5
100815,1,0,1.0,0.5
100816,1,0,1.0,0.5
100818,1,0,1.0,0.5
100826,1,0,1.0,0.5
100841,4,0,0.75,0.25
100842,1,0,1.0,0.5
100850,1,0,1.0,0.5
100852,1,0,1.0,0.5
100856,2,0,0.5,0.5
100862,1,0,1.0,0.5
100868,3,1,1.0,0.16666666666666663
100869,1,0,1.0,0.5
100878,1,0,1.0,0.5
100883,1,0,1.0,0.5
100894,3,0,0.6666666666666666,0.5
100901,1,0,1.0,0.5
100908,2,0,0.5,0.5
100922,1,0,1.0,0.5
100938,4,0,0.75,0.25
100942,1,0,1.0,0.5
100945,1,0,1.0,0.5
100949,1,0,1.0,0.5
100958,1,0,1.0,0.5
100960,1,1,1.0,0.5
100962,1,0,1.0,0.5
100963,1,0,1.0,0.5
100965,1,0,1.0,0.5
100966,1,0,1.0,0.5
100972,1,0,1.0,0.5
100987,1,0,1.0,0.5
100988,18,1,0.16666666666666666,0.2777777777777778
100993,1,0,1.0,0.5
100996,2,0,0.5,0.5
101001,2,0,1.0,0.5
101008,1,0,1.0,0.5
101018,1,0,1.0,0.5
101031,1,0,1.0,0.5
101043,1,0,1.0,0.5
101052,1,0,1.0,0.5
101064,1,0,1.0,0.5
101065,1,0,1.0,0.5
101069,1,0,1.0,0.5
101070,10,0,0.2,0.09999999999999998
101075,1,0,1.0,0.5
101087,1,0,1.0,0.5
101091,1,0,1.0,0.5
101115,1,0,1.0,0.5
101118,2,0,0.5,0.5
101119,1,0,1.0,0.5
101122,3,1,0.6666666666666666,0.5
101131,1,0,1.0,0.5
101163,1,0,1.0,0.5
101166,2,1,1.0,0.0
101168,1,0,1.0,0.5
101169,2,0,0.5,0.0
101175,2,0,0.5,0.5
101179,4,0,0.75,0.25
101182,2,0,1.0,0.0
101188,1,0,1.0,0.5
101204,1,0,1.0,0.5
101224,1,0,1.0,0.5
101232,2,1,1.0,0.5
101234,5,0,0.8,0.30000000000000004
101236,5,1,0.2,0.5
101239,1,0,1.0,0.5
101245,3,0,0.6666666666666666,0.16666666666666669
101258,2,0,1.0,0.5
101259,1,0,1.0,0.5
101265,1,0,1.0,0.5
101275,1,0,1.0,0.5
101281,3,1,0.3333333333333333,0.16666666666666663
101318,3,0,0.6666666666666666,0.16666666666666663
101344,1,0,1.0,0.5
101351,1,0,1.0,0.5
101360,2,0,0.5,0.5
101362,1,0,1.0,0.5
101366,1,0,1.0,0.5
101377,1,0,1.0,0.5
101388,1,0,1.0,0.5
101398,1,0,1.0,0.5
101401,1,0,1.0,0.5
101409,1,0,1.0,0.5
101419,1,0,1.0,0.5
101473,1,0,1.0,0.5
101478,1,0,1.0,0.5
101484,1,0,1.0,0.5
101502,1,0,1.0,0.5
101509,2,0,0.5,0.5
101512,3,1,0.6666666666666666,0.5
101513,1,1,1.0,0.5
101515,4,1,0.25,0.5
101536,1,0,1.0,0.5
101537,1,0,1.0,0.5
101539,1,0,1.0,0.5
101557,1,0,1.0,0.5
101561,2,0,0.5,0.5
101566,1,0,1.0,0.5
101580,2,0,0.5,0.5
101594,2,0,1.0,0.0
101600,6,1,0.5,0.5
101602,1,0,1.0,0.5
101604,2,0,1.0,0.5
101623,1,0,1.0,0.5
101659,1,0,1.0,0.5
101662,2,0,0.5,0.5
101668,1,0,1.0,0.5
101677,2,1,0.5,0.5
101680,1,0,1.0,0.5
101719,1,1,1.0,0.5
101727,1,0,1.0,0.5
101731,1,0,1.0,0.5
101747,2,0,1.0,0.5
101762,1,0,1.0,0.5
101776,1,0,1.0,0.5
101778,1,0,1.0,0.5
101812,2,0,0.5,0.5
101816,1,0,1.0,0.5
101818,1,0,1.0,0.5
101828,1,0,1.0,0.5
101842,1,0,1.0,0.5
101856,1,0,1.0,0.5
101864,1,0,1.0,0.5
101870,1,0,1.0,0.5
101871,1,0,1.0,0.5
101872,2,0,0.5,0.5
101874,1,0,1.0,0.5
101886,1,1,1.0,0.5
101921,1,0,1.0,0.5
101935,1,0,1.0,0.5
101948,1,0,1.0,0.5
101952,1,0,1.0,0.5
101965,1,1,1.0,0.5
101975,1,0,1.0,0.5
101981,1,0,1.0,0.5
101989,2,1,1.0,0.0
101996,1,0,1.0,0.5
102001,4,1,0.5,0.25
102004,1,1,1.0,0.5
102011,6,1,0.3333333333333333,0.16666666666666663
102017,3,1,0.6666666666666666,0.5
102025,2,0,1.0,0.5
102039,1,1,1.0,0.5
102060,1,0,1.0,0.5
102091,4,0,0.25,0.25
102106,1,0,1.0,0.5
102116,3,1,0.3333333333333333,0.5
102117,1,0,1.0,0.5
102118,1,1,1.0,0.5
102122,1,1,1.0,0.5
102124,1,0,1.0,0.5
102127,2,0,1.0,0.0
102140,1,0,1.0,0.5
102141,1,0,1.0,0.5
102151,1,0,1.0,0.5
102168,1,1,1.0,0.5
102172,5,1,0.6,0.5
102174,1,0,1.0,0.5
102191,1,0,1.0,0.5
102195,3,1,0.6666666666666666,0.16666666666666663
102199,2,0,0.5,0.5
102207,1,0,1.0,0.5
102209,10,1,0.4,0.4
102214,1,1,1.0,0.5
102215,3,0,0.3333333333333333,0.5
102216,4,0,0.25,0.25
102222,1,1,1.0,0.5
102230,1,1,1.0,0.5
102231,4,1,0.25,0.5
102232,4,1,0.25,0.5
102235,1,0,1.0,0.5
102272,1,0,1.0,0.5
102337,1,0,1.0,0.5
102356,1,0,1.0,0.5
102360,1,0,1.0,0.5
102367,1,1,1.0,0.5
102372,1,0,1.0,0.5
102380,1,0,1.0,0.5
102387,1,1,1.0,0.5
102390,2,0,0.5,0.5
102393,1,0,1.0,0.5
102395,1,0,1.0,0.5
102396,1,0,1.0,0.5
102438,1,0,1.0,0.5
102464,3,0,0.6666666666666666,0.16666666666666663
102469,6,1,0.3333333333333333,0.33333333333333337
102480,1,0,1.0,0.5
102486,1,0,1.0,0.5
102487,1,0,1.0,0.5
102490,1,0,1.0,0.5
102496,1,0,1.0,0.5
102514,1,0,1.0,0.5
102523,1,1,1.0,0.5
102524,2,0,1.0,0.5
102539,1,0,1.0,0.5
102541,4,1,0.75,0.25
102546,2,1,0.5,0.5
102549,1,0,1.0,0.5
102553,1,0,1.0,0.5
102556,1,0,1.0,0.5
102566,1,0,1.0,0.5
102575,1,0,1.0,0.5
102583,1,0,1.0,0.5
102592,1,0,1.0,0.5
102593,3,1,0.6666666666666666,0.16666666666666663
102594,1,0,1.0,0.5
102614,1,0,1.0,0.5
102620,1,0,1.0,0.5
102627,1,0,1.0,0.5
102683,1,0,1.0,0.5
102697,1,0,1.0,0.5
102701,1,0,1.0,0.5
102705,2,0,1.0,0.5
102723,1,0,1.0,0.5
102730,1,1,1.0,0.5
102731,1,0,1.0,0.5
102741,1,0,1.0,0.5
102780,1,0,1.0,0.5
102784,3,0,0.3333333333333333,0.5
102785,3,0,0.3333333333333333,0.5
102787,1,0,1.0,0.5
102797,2,0,0.5,0.5
102801,2,1,0.5,0.5
102803,1,0,1.0,0.5
102828,5,1,0.4,0.30000000000000004
102835,3,1,0.3333333333333333,0.5
102837,1,0,1.0,0.5
102838,1,1,1.0,0.5
102842,5,1,0.4,0.09999999999999998
102853,1,0,1.0,0.5
102873,3,0,0.6666666666666666,0.5
102875,1,0,1.0,0.5
102878,1,0,1.0,0.5
102891,1,0,1.0,0.5
102909,1,0,1.0,0.5
102920,2,0,0.5,0.5
102921,1,0,1.0,0.5
102942,1,0,1.0,0.5
102948,1,0,1.0,0.5
102953,1,0,1.0,0.5
102956,4,0,0.25,0.25
102976,1,0,1.0,0.5
102982,1,0,1.0,0.5
102989,1,0,1.0,0.5
103016,1,0,1.0,0.5
103017,1,0,1.0,0.5
103018,1,0,1.0,0.5
103032,1,0,1.0,0.5
103042,1,1,1.0,0.5
103049,1,0,1.0,0.5
103059,1,0,1.0,0.5
103065,1,0,1.0,0.5
103069,7,0,0.42857142857142855,0.07142857142857145
103092,1,0,1.0,0.5
103113,2,0,0.5,0.5
103114,1,1,1.0,0.5
103120,1,1,1.0,0.5
103123,3,0,0.6666666666666666,0.5
103128,1,0,1.0,0.5
103139,2,0,1.0,0.0
103154,7,0,0.2857142857142857,0.3571428571428571
103175,1,0,1.0,0.5
103176,1,0,1.0,0.5
103196,1,0,1.0,0.5
103201,1,0,1.0,0.5
103202,1,1,1.0,0.5
103222,1,0,1.0,0.5
103231,1,1,1.0,0.5
103238,3,0,0.6666666666666666,0.5
103244,1,0,1.0,0.5
103250,2,0,0.5,0.0
103283,1,0,1.0,0.5
103306,1,0,1.0,0.5
103308,1,0,1.0,0.5
103310,2,1,0.5,0.5
103311,1,0,1.0,0.5
103326,3,0,0.6666666666666666,0.5
103341,1,0,1.0,0.5
103349,3,1,0.3333333333333333,0.16666666666666669
103382,1,0,1.0,0.5
103384,2,1,1.0,0.5
103410,1,0,1.0,0.5
103434,1,0,1.0,0.5
103449,1,0,1.0,0.5
103459,2,1,0.5,0.5
103460,1,0,1.0,0.5
103481,3,1,0.3333333333333333,0.5
103511,1,0,1.0,0.5
103519,1,0,1.0,0.5
103537,1,0,1.0,0.5
103539,2,1,0.5,0.5
103548,1,0,1.0,0.5
103549,1,0,1.0,0.5
103550,1,0,1.0,0.5
103551,1,0,1.0,0.5
103552,1,0,1.0,0.5
103555,1,0,1.0,0.5
103558,15,1,0.4,0.16666666666666663
103568,1,0,1.0,0.5
103575,1,0,1.0,0.5
103580,1,1,1.0,0.5
103588,2,1,0.5,0.5
103594,2,1,1.0,0.5
103600,2,0,0.5,0.5
103607,2,1,0.5,0.5
103619,1,0,1.0,0.5
103620,1,0,1.0,0.5
103634,2,0,0.5,0.5
103645,1,1,1.0,0.5
103652,1,0,1.0,0.5
103669,2,0,0.5,0.0
103673,2,0,0.5,0.5
103675,1,0,1.0,0.5
103680,1,0,1.0,0.5
103691,1,1,1.0,0.5
103714,1,0,1.0,0.5
103716,6,1,0.3333333333333333,0.16666666666666663
103719,1,0,1.0,0.5
103721,2,0,0.5,0.5
103728,2,1,0.5,0.5
103737,5,1,0.6,0.09999999999999998
103779,2,0,0.5,0.5
103785,2,0,0.5,0.0
103792,2,0,0.5,0.5
103799,4,0,0.5,0.25
103807,1,1,1.0,0.5
103808,1,0,1.0,0.5
103815,1,0,1.0,0.5
103844,3,0,0.3333333333333333,0.5
103850,1,0,1.0,0.5
103854,1,0,1.0,0.5
103861,1,1,1.0,0.5
103864,1,0,1.0,0.5
103865,1,0,1.0,0.5
103876,2,1,0.5,0.5
103879,3,1,0.3333333333333333,0.5
103882,1,1,1.0,0.5
103923,1,0,1.0,0.5
103924,1,0,1.0,0.5
103925,1,1,1.0,0.5
103942,1,0,1.0,0.5
103962,1,0,1.0,0.5
103963,4,0,0.25,0.5
103967,1,0,1.0,0.5
103979,1,0,1.0,0.5
103994,1,0,1.0,0.5
104004,1,0,1.0,0.5
104013,1,1,1.0,0.5
104014,2,0,0.5,0.5
104017,1,0,1.0,0.5
104031,1,0,1.0,0.5
104033,1,0,1.0,0.5
104036,1,0,1.0,0.5
104037,1,0,1.0,0.5
104039,2,1,1.0,0.0
104059,9,0,0.1111111111111111,0.2777777777777778
104069,1,0,1.0,0.5
104082,2,0,0.5,0.5
104086,2,0,0.5,0.5
104092,2,0,0.5,0.5
104112,1,0,1.0,0.5
104114,1,0,1.0,0.5
104129,1,0,1.0,0.5
104149,1,1,1.0,0.5
104153,1,1,1.0,0.5
104157,1,0,1.0,0.5
104160,3,1,0.3333333333333333,0.5
104179,1,0,1.0,0.5
104215,11,0,0.45454545454545453,0.31818181818181823
104229,1,0,1.0,0.5
104243,2,0,1.0,0.5
104244,1,0,1.0,0.5
104254,1,0,1.0,0.5
104280,1,0,1.0,0.5
104304,6,1,0.3333333333333333,0.33333333333333337
104316,1,1,1.0,0.5
104317,1,0,1.0,0.5
104327,6,1,0.3333333333333333,0.33333333333333337
104331,1,0,1.0,0.5
104332,1,1,1.0,0.5
104334,1,0,1.0,0.5
104345,2,1,1.0,0.0
104354,3,0,0.6666666666666666,0.16666666666666669
104371,1,0,1.0,0.5
104372,1,0,1.0,0.5
104383,2,1,0.5,0.5
104413,1,0,1.0,0.5
104415,2,0,1.0,0.5
104427,3,1,0.3333333333333333,0.16666666666666669
104437,2,0,0.5,0.5
104441,1,0,1.0,0.5
104443,4,0,0.25,0.5
104458,1,0,1.0,0.5
104466,1,0,1.0,0.5
104554,1,0,1.0,0.5
104561,1,0,1.0,0.5
104567,1,0,1.0,0.5
104569,9,1,0.4444444444444444,0.38888888888888884
104585,1,0,1.0,0.5
104590,3,0,0.3333333333333333,0.5
104598,1,0,1.0,0.5
104601,3,1,0.3333333333333333,0.5
104612,1,0,1.0,0.5
104683,3,1,0.3333333333333333,0.5
104697,2,0,0.5,0.5
104703,3,0,0.3333333333333333,0.16666666666666663
104707,1,0,1.0,0.5
104708,1,1,1.0,0.5
104721,1,0,1.0,0.5
104730,1,0,1.0,0.5
104768,1,0,1.0,0.5
104788,1,0,1.0,0.5
104790,2,0,0.5,0.5
104797,1,0,1.0,0.5
104805,1,0,1.0,0.5
104808,2,0,0.5,0.5
104816,2,1,0.5,0.5
104825,2,0,0.5,0.5
104826,1,0,1.0,0.5
104838,2,0,0.5,0.5
104855,3,1,0.6666666666666666,0.5
104856,2,1,0.5,0.5
104857,2,1,1.0,0.5
104866,4,0,0.75,0.5
104873,1,0,1.0,0.5
104878,1,0,1.0,0.5
104892,4,0,0.25,0.25
104918,2,0,0.5,0.5
104921,4,0,0.25,0.5
104925,2,0,1.0,0.5
104929,1,0,1.0,0.5
104936,1,0,1.0,0.5
104950,1,0,1.0,0.5
104975,1,0,1.0,0.5
105016,1,0,1.0,0.5
105038,2,1,1.0,0.0
105039,1,0,1.0,0.5
105046,2,0,1.0,0.0
105047,12,1,0.08333333333333333,0.25
105060,1,0,1.0,0.5
105066,1,0,1.0,0.5
105082,1,0,1.0,0.5
105106,1,0,1.0,0.5
105114,3,0,0.3333333333333333,0.5
105120,1,0,1.0,0.5
105131,2,0,1.0,0.0
105132,2,0,1.0,0.0
105139,1,0,1.0,0.5
105150,1,0,1.0,0.5
105151,4,0,0.25,0.0
105154,4,0,0.25,0.25
105157,1,0,1.0,0.5
105163,1,0,1.0,0.5
105166,1,0,1.0,0.5
105177,1,0,1.0,0.5
105178,1,0,1.0,0.5
105179,1,0,1.0,0.5
105185,2,0,0.5,0.0
105191,1,0,1.0,0.5
105199,3,0,0.6666666666666666,0.5
105202,1,0,1.0,0.5
105216,1,0,1.0,0.5
105223,3,0,0.3333333333333333,0.5
105231,3,0,0.6666666666666666,0.5
105234,1,0,1.0,0.5
105236,4,1,0.5,0.25
105267,1,0,1.0,0.5
105289,1,0,1.0,0.5
105298,2,1,0.5,0.5
105318,1,0,1.0,0.5
105366,8,0,0.125,0.375
105406,3,0,0.3333333333333333,0.5
105422,1,0,1.0,0.5
105424,1,0,1.0,0.5
105431,1,0,1.0,0.5
105432,3,1,0.3333333333333333,0.5
105433,2,1,0.5,0.5
105434,1,1,1.0,0.5
105435,1,0,1.0,0.5
105443,2,0,0.5,0.5
105446,1,0,1.0,0.5
105462,1,0,1.0,0.5
105485,1,1,1.0,0.5
105490,1,0,1.0,0.5
105493,1,0,1.0,0.5
105501,1,0,1.0,0.5
105517,1,0,1.0,0.5
105527,1,0,1.0,0.5
105561,3,0,0.3333333333333333,0.5
105569,1,0,1.0,0.5
105574,2,0,0.5,0.5
105579,1,0,1.0,0.5
105581,1,0,1.0,0.5
105611,1,0,1.0,0.5
105612,1,0,1.0,0.5
105619,1,0,1.0,0.5
105622,1,0,1.0,0.5
105623,1,0,1.0,0.5
105624,3,0,0.6666666666666666,0.16666666666666669
105628,3,0,0.3333333333333333,0.5
105633,2,1,0.5,0.5
105635,2,1,0.5,0.5
105659,1,0,1.0,0.5
105669,2,1,0.5,0.5
105679,2,1,0.5,0.5
105681,3,0,0.3333333333333333,0.5
105682,2,1,0.5,0.5
105684,1,0,1.0,0.5
105687,4,1,0.25,0.5
105689,1,0,1.0,0.5
105692,1,1,1.0,0.5
105695,1,0,1.0,0.5
105705,1,0,1.0,0.5
105707,1,1,1.0,0.5
105711,1,0,1.0,0.5
105715,1,0,1.0,0.5
105737,2,0,0.5,0.5
105738,3,1,0.3333333333333333,0.5
105739,3,0,0.3333333333333333,0.5
105746,17,0,0.23529411764705882,0.38235294117647056
105748,1,0,1.0,0.5
105757,2,0,1.0,0.5
105769,1,0,1.0,0.5
105772,3,0,0.6666666666666666,0.5
105773,3,1,0.3333333333333333,0.5
105784,2,0,0.5,0.5
105787,2,0,1.0,0.5
105792,1,0,1.0,0.5
105799,1,0,1.0,0.5
105903,1,0,1.0,0.5
105955,1,0,1.0,0.5
106002,1,0,1.0,0.5
106006,2,0,0.5,0.5
106012,4,0,0.25,0.5
106047,2,1,1.0,0.5
106050,2,0,0.5,0.0
106053,1,0,1.0,0.5
106055,1,0,1.0,0.5
106056,1,0,1.0,0.5
106082,1,0,1.0,0.5
106088,3,0,0.3333333333333333,0.5
106100,1,0,1.0,0.5
106124,1,0,1.0,0.5
106130,3,0,0.3333333333333333,0.5
106137,1,1,1.0,0.5
106151,1,0,1.0,0.5
106210,2,0,1.0,0.5
106217,1,0,1.0,0.5
106226,1,0,1.0,0.5
106239,1,0,1.0,0.5
106240,1,0,1.0,0.5
106246,1,0,1.0,0.5
106252,1,0,1.0,0.5
106262,1,0,1.0,0.5
106268,1,0,1.0,0.5
106292,1,0,1.0,0.5
106295,7,0,0.14285714285714285,0.2142857142857143
106298,1,0,1.0,0.5
106300,1,0,1.0,0.5
106302,3,1,0.3333333333333333,0.5
106308,2,1,0.5,0.5
106326,1,0,1.0,0.5
106401,3,0,0.3333333333333333,0.5
106428,1,0,1.0,0.5
106434,1,0,1.0,0.5
106435,1,0,1.0,0.5
106459,1,0,1.0,0.5
106462,1,0,1.0,0.5
106475,3,0,1.0,0.16666666666666663
106476,4,1,0.5,0.5
106477,1,0,1.0,0.5
106482,1,0,1.0,0.5
106486,2,0,0.5,0.5
106491,1,0,1.0,0.5
106595,1,0,1.0,0.5
106604,1,0,1.0,0.5
106615,1,0,1.0,0.5
106619,1,0,1.0,0.5
106625,1,0,1.0,0.5
106630,1,0,1.0,0.5
106632,2,0,0.5,0.5
106633,1,0,1.0,0.5
106635,1,0,1.0,0.5
106648,2,0,0.5,0.5
106651,3,0,0.6666666666666666,0.5
106656,1,0,1.0,0.5
106667,5,0,0.6,0.09999999999999998
106672,3,0,0.6666666666666666,0.16666666666666669
106681,3,1,0.3333333333333333,0.16666666666666669
106685,1,0,1.0,0.5
106688,1,0,1.0,0.5
106735,4,1,0.25,0.5
106758,2,0,0.5,0.5
106768,2,0,0.5,0.5
106782,2,0,0.5,0.5
106798,2,0,0.5,0.5
106800,1,0,1.0,0.5
106807,7,1,0.42857142857142855,0.5
106825,1,0,1.0,0.5
106838,1,0,1.0,0.5
106844,1,0,1.0,0.5
106848,2,0,0.5,0.5
106852,1,1,1.0,0.5
106869,1,0,1.0,0.5
106872,1,0,1.0,0.5
106906,1,0,1.0,0.5
106918,1,0,1.0,0.5
106927,1,0,1.0,0.5
106935,1,0,1.0,0.5
106940,2,0,1.0,0.5
106942,1,0,1.0,0.5
106943,1,0,1.0,0.5
106946,1,0,1.0,0.5
106957,3,1,0.6666666666666666,0.16666666666666669
106959,1,0,1.0,0.5
106964,2,0,0.5,0.0
106971,1,0,1.0,0.5
106972,3,0,0.3333333333333333,0.5
106978,1,0,1.0,0.5
106982,2,0,0.5,0.5
106984,3,0,0.3333333333333333,0.5
106986,2,0,0.5,0.5
106988,1,0,1.0,0.5
107003,1,0,1.0,0.5
107006,1,0,1.0,0.5
107012,12,1,0.08333333333333333,0.41666666666666663
107019,3,1,0.3333333333333333,0.5
107020,2,0,1.0,0.0
107034,3,0,0.3333333333333333,0.5
107035,2,0,1.0,0.5
107036,1,0,1.0,0.5
107043,1,0,1.0,0.5
107147,2,0,0.5,0.5
107172,2,0,0.5,0.5
107174,1,0,1.0,0.5
107181,1,0,1.0,0.5
107183,1,0,1.0,0.5
107197,1,0,1.0,0.5
107218,1,0,1.0,0.5
107225,1,0,1.0,0.5
107241,4,0,0.5,0.5
107248,1,0,1.0,0.5
107268,1,0,1.0,0.5
107294,2,0,0.5,0.5
107295,1,0,1.0,0.5
107306,1,0,1.0,0.5
107307,2,0,0.5,0.5
107313,1,0,1.0,0.5
107318,4,0,0.25,0.5
107325,1,1,1.0,0.5
107350,1,0,1.0,0.5
107356,3,1,0.3333333333333333,0.5
107357,7,0,0.2857142857142857,0.2142857142857143
107362,2,0,0.5,0.5
107368,1,0,1.0,0.5
107373,7,0,0.2857142857142857,0.3571428571428571
107381,1,0,1.0,0.5
107382,1,0,1.0,0.5
107387,1,0,1.0,0.5
107389,2,0,0.5,0.5
107394,1,0,1.0,0.5
107406,1,0,1.0,0.5
107419,5,1,0.2,0.5
107422,1,0,1.0,0.5
107464,1,0,1.0,0.5
107480,1,0,1.0,0.5
107485,1,0,1.0,0.5
107514,1,0,1.0,0.5
107527,3,0,0.3333333333333333,0.5
107533,1,0,1.0,0.5
107538,1,0,1.0,0.5
107553,1,0,1.0,0.5
107562,1,0,1.0,0.5
107637,1,0,1.0,0.5
107640,1,0,1.0,0.5
107641,1,0,1.0,0.5
107648,1,0,1.0,0.5
107652,1,0,1.0,0.5
107657,1,0,1.0,0.5
107658,1,0,1.0,0.5
107662,1,0,1.0,0.5
107676,1,0,1.0,0.5
107679,1,0,1.0,0.5
107691,1,0,1.0,0.5
107692,1,0,1.0,0.5
107706,1,0,1.0,0.5
107708,3,0,0.3333333333333333,0.5
107709,1,0,1.0,0.5
107719,2,1,0.5,0.5
107738,2,0,0.5,0.5
107748,1,0,1.0,0.5
107750,1,1,1.0,0.5
107752,2,0,1.0,0.5
107768,1,0,1.0,0.5
107772,2,0,0.5,0.5
107780,1,0,1.0,0.5
107785,2,0,0.5,0.5
107801,1,0,1.0,0.5
107807,1,0,1.0,0.5
107823,1,0,1.0,0.5
107829,4,1,0.25,0.5
107834,4,0,0.75,0.5
107842,3,0,0.6666666666666666,0.16666666666666663
107844,1,0,1.0,0.5
107848,2,0,0.5,0.5
107849,1,0,1.0,0.5
107851,1,0,1.0,0.5
107853,2,0,0.5,0.5
107862,1,0,1.0,0.5
107866,1,0,1.0,0.5
107869,1,0,1.0,0.5
107875,2,0,0.5,0.5
107878,1,0,1.0,0.5
107893,1,0,1.0,0.5
107904,2,0,1.0,0.5
107914,1,0,1.0,0.5
107916,3,0,0.3333333333333333,0.16666666666666669
107939,1,0,1.0,0.5
107950,1,0,1.0,0.5
107951,2,0,1.0,0.5
107954,1,0,1.0,0.5
107955,1,0,1.0,0.5
107961,10,0,0.3,0.30000000000000004
108024,1,0,1.0,0.5
108038,1,0,1.0,0.5
108047,1,0,1.0,0.5
108051,1,0,1.0,0.5
108057,1,0,1.0,0.5
108081,7,1,0.42857142857142855,0.07142857142857145
108082,1,0,1.0,0.5
108103,1,0,1.0,0.5
108123,1,0,1.0,0.5
108173,2,0,0.5,0.5
108175,1,0,1.0,0.5
108176,1,0,1.0,0.5
108179,1,0,1.0,0.5
108180,2,1,0.5,0.5
108183,1,1,1.0,0.5
108187,1,0,1.0,0.5
108189,1,0,1.0,0.5
108194,1,0,1.0,0.5
108200,1,0,1.0,0.5
108203,1,0,1.0,0.5
108215,1,0,1.0,0.5
108259,1,0,1.0,0.5
108272,1,0,1.0,0.5
108284,1,0,1.0,0.5
108306,1,0,1.0,0.5
108310,1,0,1.0,0.5
108320,1,0,1.0,0.5
108333,1,0,1.0,0.5
108337,1,0,1.0,0.5
108341,2,0,0.5,0.5
108371,1,0,1.0,0.5
108390,1,0,1.0,0.5
108421,1,0,1.0,0.5
108423,2,0,0.5,0.5
108431,1,0,1.0,0.5
108449,1,0,1.0,0.5
108456,1,0,1.0,0.5
108468,2,0,1.0,0.5
108476,1,0,1.0,0.5
108480,1,0,1.0,0.5
108483,2,0,0.5,0.5
108488,3,0,0.6666666666666666,0.16666666666666663
108499,2,0,0.5,0.5
108521,2,0,1.0,0.5
108525,2,0,0.5,0.5
108539,3,0,0.3333333333333333,0.5
108542,2,0,1.0,0.5
108561,1,0,1.0,0.5
108562,1,0,1.0,0.5
108575,3,0,0.3333333333333333,0.16666666666666663
108622,3,0,1.0,0.16666666666666669
108644,1,0,1.0,0.5
108660,1,0,1.0,0.5
108668,1,0,1.0,0.5
108712,2,0,1.0,0.5
108713,1,0,1.0,0.5
108719,2,0,1.0,0.0
108722,1,0,1.0,0.5
108731,1,0,1.0,0.5
108733,1,0,1.0,0.5
108734,1,0,1.0,0.5
108735,1,0,1.0,0.5
108745,2,0,1.0,0.5
108756,1,0,1.0,0.5
108798,1,0,1.0,0.5
108824,1,0,1.0,0.5
108839,1,0,1.0,0.5
108855,1,0,1.0,0.5
108873,1,0,1.0,0.5
108905,1,0,1.0,0.5
108910,19,0,0.3157894736842105,0.2894736842105263
108921,1,0,1.0,0.5
108931,1,0,1.0,0.5
108952,11,0,0.2727272727272727,0.31818181818181823
108953,2,0,0.5,0.5
108959,2,0,0.5,0.0
108964,1,0,1.0,0.5
108976,1,0,1.0,0.5
108979,1,0,1.0,0.5
108981,2,0,0.5,0.5
108986,2,0,1.0,0.5
109003,2,0,1.0,0.0
109006,3,0,0.6666666666666666,0.5
109024,1,0,1.0,0.5
109032,1,1,1.0,0.5
109050,1,0,1.0,0.5
109059,1,0,1.0,0.5
109064,1,0,1.0,0.5
109083,2,0,0.5,0.5
109093,3,0,0.6666666666666666,0.5
109094,1,0,1.0,0.5
109108,4,0,0.5,0.5
109116,3,0,0.3333333333333333,0.5
109145,3,0,0.6666666666666666,0.5
109158,2,0,0.5,0.5
109169,1,0,1.0,0.5
109176,1,0,1.0,0.5
109191,2,0,0.5,0.5
109192,1,0,1.0,0.5
109207,5,1,0.8,0.09999999999999998
109242,1,0,1.0,0.5
109255,4,1,0.5,0.0
109272,1,0,1.0,0.5
109286,1,0,1.0,0.5
109313,1,0,1.0,0.5
109319,1,0,1.0,0.5
109320,1,0,1.0,0.5
109324,6,0,0.16666666666666666,0.33333333333333337
109338,1,0,1.0,0.5
109339,1,0,1.0,0.5
109340,1,0,1.0,0.5
109389,1,0,1.0,0.5
109416,1,0,1.0,0.5
109435,1,0,1.0,0.5
109442,1,0,1.0,0.5
109502,1,0,1.0,0.5
109517,1,0,1.0,0.5
109524,2,0,1.0,0.5
109537,1,0,1.0,0.5
109556,1,0,1.0,0.5
109565,2,0,0.5,0.0
109607,1,0,1.0,0.5
109658,2,0,0.5,0.5
109718,1,0,1.0,0.5
109739,1,0,1.0,0.5
109763,2,0,0.5,0.5
109766,1,0,1.0,0.5
109775,1,0,1.0,0.5
109783,2,0,0.5,0.5
109816,1,0,1.0,0.5
109844,1,0,1.0,0.5
109870,1,0,1.0,0.5
109891,1,0,1.0,0.5
109917,1,0,1.0,0.5
109957,1,0,1.0,0.5
109963,1,0,1.0,0.5
109976,1,0,1.0,0.5
109982,2,0,0.5,0.0
109996,1,0,1.0,0.5
110098,1,0,1.0,0.5
110162,18,1,0.1111111111111111,0.11111111111111116
110187,1,0,1.0,0.5
110203,1,0,1.0,0.5
110221,1,0,1.0,0.5
110248,1,0,1.0,0.5
110249,1,0,1.0,0.5
110250,1,0,1.0,0.5
110294,2,0,0.5,0.5
110304,1,0,1.0,0.5
110349,1,0,1.0,0.5
110356,1,0,1.0,0.5
110403,2,0,1.0,0.5
110410,1,0,1.0,0.5
110441,1,0,1.0,0.5
110442,1,0,1.0,0.5
110443,2,0,1.0,0.5
110460,1,0,1.0,0.5
110474,1,0,1.0,0.5
